"본 자료는 실거래가 사이트에서 제공하고 있는  계약일 기준 자료로 통계자료 활용시에는 수치가 왜곡될 수 있으니 참고자료로만 활용하시기 바라며,",,,,,,,,
외부 공개시에는 반드시 신고일 기준으로 집계되는 공식통계를 이용하여 주시기 바랍니다.,,,,,,,,
* 주택매매 거래는 부동산거래신고에관한법률 제3조에 따라 계약 후 60일이내 신고토록 규정,,,,,,,,
"** 주택매매 거래량은 매월 15일경 부동산통계정보시스템(www.r-one.co.kr)에서  확인 가능하며, 전월세 거래량은 국토교통부 홈페이지(보도자료)를 통해 확인 가능",,,,,,,,
,,,,,,,,
,,,,,,,,
시군구,번지,단지명,전용면적(㎡),계약일,거래금액(만원),층,건축년도,도로명
 충청북도 괴산군 괴산읍 서부리,125-1,월드,59.7,21~30,"5,100",1,1992,임꺽정로
 충청북도 단양군 단양읍 별곡리,106-1,신성단양미소지움,85,1~10,"18,700",10,2007,별곡3로
 충청북도 단양군 단양읍 상진리,50,두진,35.67,21~30,"5,800",9,1996,상진2로
 충청북도 단양군 단양읍 상진리,978,주공,46.74,1~10,"6,000",4,1985,상진1로
 충청북도 단양군 매포읍 평동리,1000,공간가든2,37.44,11~20,"1,500",1,1992,평동4로
 충청북도 단양군 매포읍 평동리,1335,단양태양드림빌,42.36,11~20,"3,900",6,2005,평동38길
 충청북도 단양군 매포읍 평동리,1335,단양태양드림빌,50.4,21~30,"4,300",16,2005,평동38길
 충청북도 단양군 매포읍 평동리,1000,평동한라,84.97,11~20,"7,900",10,1994,평동4로
 충청북도 보은군 보은읍 교사리,35-5,거성,59.67,21~30,"7,500",8,1997,남부로
 충청북도 보은군 보은읍 교사리,402-29,극동,38.64,1~10,"3,600",4,1997,향교1길
 충청북도 보은군 보은읍 교사리,402-29,극동,38.64,21~30,"3,700",2,1997,향교1길
 충청북도 보은군 보은읍 교사리,402-29,극동,59.04,11~20,"5,800",1,1997,향교1길
 충청북도 보은군 보은읍 교사리,402-3,에스엠101동,59.91,21~30,"9,100",6,2000,향교1길
 충청북도 보은군 보은읍 이평리,135,남양리츠빌,29.26,11~20,"3,800",1,2001,뱃들로
 충청북도 보은군 보은읍 이평리,157-3,예지리츠빌,59.6,1~10,"13,500",4,2013,뱃들로
 충청북도 영동군 영동읍 계산리,61-3,미주맨션,55.26,21~30,"4,000",4,1992,계산로
 충청북도 영동군 영동읍 계산리,445-3,영산타워맨션,59.91,21~30,"7,000",8,1993,영산로
 충청북도 영동군 영동읍 계산리,445-3,영산타워맨션,84.72,21~30,"8,900",6,1993,영산로
 충청북도 영동군 영동읍 계산리,664-2,진영허브시티,84.99,11~20,"19,050",3,2015,계산로
 충청북도 영동군 영동읍 동정리,89,렉시움,84.65,11~20,"21,300",2,2015,동정로
 충청북도 영동군 영동읍 동정리,89,렉시움,84.65,21~30,"21,800",10,2015,동정로
 충청북도 영동군 영동읍 동정리,89,렉시움,84.65,21~30,"21,300",2,2015,동정로
 충청북도 영동군 영동읍 동정리,65-3,미드림,55.99,1~10,"11,090",10,2008,동정로
 충청북도 영동군 영동읍 동정리,65-3,미드림,55.99,21~30,"11,000",9,2008,동정로
 충청북도 영동군 영동읍 동정리,68-1,영동현대,59.76,1~10,"9,100",12,1996,동정로
 충청북도 영동군 영동읍 매천리,394-6,금강타운,84.33,21~30,"11,000",7,1992,영동황간로
 충청북도 영동군 영동읍 매천리,81-1,조한드림플러스,59.75,21~30,"11,000",12,2001,새심길
 충청북도 영동군 영동읍 매천리,81-1,조한드림플러스,84.98,21~30,"14,500",3,2001,새심길
 충청북도 영동군 영동읍 부용리,593-1,삼부,56.01,21~30,"4,400",3,1991,학산영동로
 충청북도 영동군 영동읍 부용리,593-1,삼부,56.01,21~30,"4,750",4,1991,학산영동로
 충청북도 영동군 영동읍 부용리,56,신양,60.41,1~10,"6,600",2,1991,부용1길
 충청북도 영동군 영동읍 부용리,56,신양,82.94,11~20,"8,200",5,1991,부용1길
 충청북도 영동군 영동읍 부용리,417,지평더웰,84.97,1~10,"18,000",4,2007,상부용로
 충청북도 영동군 영동읍 부용리,416-1,지평더웰ll,59.88,1~10,"13,500",5,2009,상부용로
 충청북도 영동군 영동읍 부용리,416-1,지평더웰ll,59.88,21~30,"13,600",12,2009,상부용로
 충청북도 영동군 영동읍 부용리,416-1,지평더웰ll,59.88,21~30,"13,500",4,2009,상부용로
 충청북도 영동군 영동읍 설계리,693,금강,41.16,11~20,"4,800",1,1994,눈어치1로
 충청북도 영동군 영동읍 설계리,693,금강,41.16,11~20,"5,000",6,1994,눈어치1로
 충청북도 영동군 영동읍 설계리,693,금강,41.16,11~20,"5,000",2,1994,눈어치1로
 충청북도 영동군 영동읍 설계리,693,금강,41.16,11~20,"5,000",4,1994,눈어치1로
 충청북도 영동군 영동읍 설계리,693,금강,41.16,11~20,"5,000",2,1994,눈어치1로
 충청북도 영동군 영동읍 설계리,693,금강,41.16,11~20,"5,000",2,1994,눈어치1로
 충청북도 영동군 영동읍 설계리,693,금강,41.16,11~20,"5,000",5,1994,눈어치1로
 충청북도 영동군 영동읍 설계리,693,금강,41.16,11~20,"5,000",3,1994,눈어치1로
 충청북도 영동군 영동읍 설계리,693,금강,41.16,11~20,"5,000",3,1994,눈어치1로
 충청북도 영동군 영동읍 설계리,693,금강,41.16,11~20,"5,000",4,1994,눈어치1로
 충청북도 영동군 영동읍 설계리,693,금강,41.16,11~20,"5,000",5,1994,눈어치1로
 충청북도 영동군 영동읍 설계리,693,금강,41.16,11~20,"4,800",1,1994,눈어치1로
 충청북도 영동군 영동읍 설계리,693,금강,41.16,11~20,"5,000",5,1994,눈어치1로
 충청북도 영동군 영동읍 설계리,693,금강,41.16,11~20,"5,000",5,1994,눈어치1로
 충청북도 영동군 영동읍 설계리,693,금강,41.16,11~20,"4,800",1,1994,눈어치1로
 충청북도 영동군 영동읍 설계리,693,금강,41.16,11~20,"5,000",3,1994,눈어치1로
 충청북도 영동군 영동읍 설계리,693,금강,41.16,11~20,"5,000",2,1994,눈어치1로
 충청북도 영동군 영동읍 설계리,693,금강,41.16,11~20,"4,800",1,1994,눈어치1로
 충청북도 영동군 영동읍 설계리,693,금강,41.16,11~20,"4,800",1,1994,눈어치1로
 충청북도 영동군 영동읍 설계리,693,금강,41.16,11~20,"4,800",1,1994,눈어치1로
 충청북도 영동군 영동읍 설계리,693,금강,41.16,11~20,"5,000",3,1994,눈어치1로
 충청북도 영동군 영동읍 설계리,693,금강,41.16,11~20,"5,000",3,1994,눈어치1로
 충청북도 영동군 영동읍 설계리,693,금강,41.16,11~20,"5,000",5,1994,눈어치1로
 충청북도 영동군 영동읍 설계리,693,금강,41.16,11~20,"5,000",2,1994,눈어치1로
 충청북도 영동군 영동읍 설계리,693,금강,41.16,11~20,"5,000",3,1994,눈어치1로
 충청북도 영동군 영동읍 설계리,693,금강,41.16,11~20,"5,000",3,1994,눈어치1로
 충청북도 영동군 영동읍 설계리,693,금강,41.16,11~20,"4,800",1,1994,눈어치1로
 충청북도 영동군 영동읍 설계리,693,금강,41.16,11~20,"4,800",1,1994,눈어치1로
 충청북도 영동군 영동읍 설계리,693,금강,41.16,11~20,"5,000",2,1994,눈어치1로
 충청북도 영동군 영동읍 설계리,693,금강,41.16,11~20,"3,321",3,1994,눈어치1로
 충청북도 영동군 영동읍 설계리,693,금강,41.16,11~20,"5,000",2,1994,눈어치1로
 충청북도 영동군 영동읍 설계리,693,금강,41.16,11~20,"5,000",6,1994,눈어치1로
 충청북도 영동군 영동읍 설계리,693,금강,41.16,11~20,"5,000",3,1994,눈어치1로
 충청북도 영동군 영동읍 설계리,693,금강,41.16,11~20,"5,000",6,1994,눈어치1로
 충청북도 영동군 영동읍 설계리,693,금강,41.16,11~20,"5,000",3,1994,눈어치1로
 충청북도 영동군 영동읍 설계리,693,금강,41.16,11~20,"5,000",4,1994,눈어치1로
 충청북도 영동군 영동읍 설계리,693,금강,41.16,11~20,"5,000",2,1994,눈어치1로
 충청북도 영동군 영동읍 설계리,693,금강,41.16,11~20,"5,000",4,1994,눈어치1로
 충청북도 영동군 영동읍 설계리,693,금강,41.16,11~20,"5,000",5,1994,눈어치1로
 충청북도 영동군 영동읍 설계리,693,금강,41.16,11~20,"5,000",2,1994,눈어치1로
 충청북도 영동군 영동읍 설계리,693,금강,41.16,11~20,"4,800",1,1994,눈어치1로
 충청북도 영동군 영동읍 설계리,693,금강,41.16,11~20,"4,800",1,1994,눈어치1로
 충청북도 영동군 영동읍 설계리,693,금강,41.16,11~20,"5,000",3,1994,눈어치1로
 충청북도 영동군 영동읍 설계리,693,금강,41.16,11~20,"4,800",1,1994,눈어치1로
 충청북도 영동군 영동읍 설계리,693,금강,41.16,21~30,"5,000",3,1994,눈어치1로
 충청북도 영동군 영동읍 설계리,693,금강,51,11~20,"6,200",4,1994,눈어치1로
 충청북도 영동군 영동읍 설계리,693,금강,51,11~20,"6,200",2,1994,눈어치1로
 충청북도 영동군 영동읍 설계리,693,금강,51,11~20,"6,000",1,1994,눈어치1로
 충청북도 영동군 영동읍 설계리,693,금강,51,11~20,"5,900",1,1994,눈어치1로
 충청북도 영동군 영동읍 설계리,693,금강,51,11~20,"6,000",2,1994,눈어치1로
 충청북도 영동군 영동읍 설계리,693,금강,51,11~20,"5,800",4,1994,눈어치1로
 충청북도 영동군 영동읍 설계리,693,금강,51,11~20,"6,200",3,1994,눈어치1로
 충청북도 영동군 영동읍 설계리,693,금강,51,11~20,"6,200",2,1994,눈어치1로
 충청북도 영동군 영동읍 설계리,693,금강,51,11~20,"6,000",1,1994,눈어치1로
 충청북도 영동군 영동읍 설계리,693,금강,51,11~20,"6,200",5,1994,눈어치1로
 충청북도 영동군 영동읍 설계리,693,금강,51,11~20,"6,200",2,1994,눈어치1로
 충청북도 영동군 영동읍 설계리,693,금강,51,11~20,"5,900",1,1994,눈어치1로
 충청북도 영동군 영동읍 설계리,693,금강,51,11~20,"6,000",1,1994,눈어치1로
 충청북도 영동군 영동읍 설계리,693,금강,51,11~20,"6,200",3,1994,눈어치1로
 충청북도 영동군 영동읍 설계리,693,금강,51,11~20,"6,200",3,1994,눈어치1로
 충청북도 영동군 영동읍 설계리,693,금강,51,11~20,"6,200",5,1994,눈어치1로
 충청북도 영동군 영동읍 설계리,693,금강,51,11~20,"5,900",1,1994,눈어치1로
 충청북도 영동군 영동읍 설계리,693,금강,51,11~20,"6,200",4,1994,눈어치1로
 충청북도 영동군 영동읍 설계리,693,금강,51,11~20,"6,000",1,1994,눈어치1로
 충청북도 영동군 영동읍 설계리,693,금강,51,11~20,"6,200",2,1994,눈어치1로
 충청북도 영동군 영동읍 설계리,693,금강,51,11~20,"6,000",2,1994,눈어치1로
 충청북도 영동군 영동읍 설계리,693,금강,51,11~20,"6,000",1,1994,눈어치1로
 충청북도 영동군 영동읍 설계리,693,금강,51,11~20,"6,000",1,1994,눈어치1로
 충청북도 영동군 영동읍 설계리,693,금강,51,11~20,"6,200",2,1994,눈어치1로
 충청북도 영동군 영동읍 설계리,693,금강,51,11~20,"5,900",3,1994,눈어치1로
 충청북도 영동군 영동읍 설계리,693,금강,51,11~20,"6,000",1,1994,눈어치1로
 충청북도 영동군 영동읍 설계리,693,금강,51,11~20,"6,200",4,1994,눈어치1로
 충청북도 영동군 영동읍 설계리,693,금강,51,11~20,"6,000",1,1994,눈어치1로
 충청북도 영동군 영동읍 설계리,693,금강,51,11~20,"6,200",3,1994,눈어치1로
 충청북도 영동군 영동읍 설계리,693,금강,51,11~20,"5,900",3,1994,눈어치1로
 충청북도 영동군 영동읍 설계리,693,금강,51,11~20,"6,200",2,1994,눈어치1로
 충청북도 영동군 영동읍 설계리,693,금강,51,11~20,"5,900",3,1994,눈어치1로
 충청북도 영동군 영동읍 설계리,693,금강,51,11~20,"6,200",5,1994,눈어치1로
 충청북도 영동군 영동읍 설계리,693,금강,51,11~20,"6,000",1,1994,눈어치1로
 충청북도 영동군 영동읍 설계리,693,금강,51,11~20,"6,200",4,1994,눈어치1로
 충청북도 영동군 영동읍 설계리,693,금강,51,11~20,"5,900",3,1994,눈어치1로
 충청북도 영동군 영동읍 설계리,693,금강,51,11~20,"6,200",2,1994,눈어치1로
 충청북도 영동군 영동읍 설계리,693,금강,51,11~20,"6,200",4,1994,눈어치1로
 충청북도 영동군 영동읍 설계리,693,금강,51,11~20,"6,200",4,1994,눈어치1로
 충청북도 영동군 영동읍 설계리,693,금강,51,11~20,"6,200",2,1994,눈어치1로
 충청북도 영동군 영동읍 설계리,693,금강,51,11~20,"6,200",4,1994,눈어치1로
 충청북도 영동군 영동읍 설계리,693,금강,51,11~20,"6,200",2,1994,눈어치1로
 충청북도 영동군 영동읍 설계리,693,금강,51,11~20,"5,900",3,1994,눈어치1로
 충청북도 영동군 영동읍 설계리,693,금강,51,11~20,"6,200",2,1994,눈어치1로
 충청북도 영동군 영동읍 설계리,693,금강,51,11~20,"6,200",6,1994,눈어치1로
 충청북도 영동군 영동읍 설계리,693,금강,51,11~20,"6,000",1,1994,눈어치1로
 충청북도 영동군 영동읍 설계리,693,금강,51,11~20,"6,200",3,1994,눈어치1로
 충청북도 영동군 영동읍 설계리,693,금강,51,11~20,"6,200",4,1994,눈어치1로
 충청북도 영동군 영동읍 설계리,693,금강,51,11~20,"6,200",3,1994,눈어치1로
 충청북도 영동군 영동읍 설계리,693,금강,51,11~20,"6,200",2,1994,눈어치1로
 충청북도 영동군 영동읍 설계리,693,금강,51,11~20,"6,000",1,1994,눈어치1로
 충청북도 영동군 영동읍 설계리,693,금강,51,11~20,"6,000",1,1994,눈어치1로
 충청북도 영동군 영동읍 설계리,693,금강,51,11~20,"6,200",5,1994,눈어치1로
 충청북도 영동군 영동읍 설계리,693,금강,51,11~20,"6,000",1,1994,눈어치1로
 충청북도 영동군 영동읍 설계리,693,금강,51,11~20,"6,200",3,1994,눈어치1로
 충청북도 영동군 영동읍 설계리,693,금강,51,11~20,"6,200",4,1994,눈어치1로
 충청북도 영동군 영동읍 설계리,693,금강,51,11~20,"6,200",3,1994,눈어치1로
 충청북도 영동군 영동읍 설계리,693,금강,51,11~20,"6,200",3,1994,눈어치1로
 충청북도 영동군 영동읍 설계리,693,금강,51,11~20,"6,200",2,1994,눈어치1로
 충청북도 영동군 영동읍 설계리,693,금강,51,11~20,"6,200",4,1994,눈어치1로
 충청북도 영동군 영동읍 설계리,693,금강,51,11~20,"6,000",1,1994,눈어치1로
 충청북도 영동군 영동읍 설계리,693,금강,51,11~20,"6,200",3,1994,눈어치1로
 충청북도 영동군 영동읍 설계리,693,금강,51,11~20,"6,000",1,1994,눈어치1로
 충청북도 영동군 영동읍 설계리,693,금강,51,11~20,"6,000",1,1994,눈어치1로
 충청북도 영동군 영동읍 설계리,693,금강,51,11~20,"6,000",2,1994,눈어치1로
 충청북도 영동군 영동읍 설계리,693,금강,51,11~20,"5,900",1,1994,눈어치1로
 충청북도 영동군 영동읍 설계리,693,금강,51,11~20,"6,200",2,1994,눈어치1로
 충청북도 영동군 영동읍 설계리,693,금강,51,11~20,"6,200",3,1994,눈어치1로
 충청북도 영동군 영동읍 설계리,693,금강,51,11~20,"6,200",4,1994,눈어치1로
 충청북도 영동군 영동읍 설계리,693,금강,51,11~20,"6,000",1,1994,눈어치1로
 충청북도 영동군 영동읍 설계리,693,금강,51,11~20,"6,200",3,1994,눈어치1로
 충청북도 영동군 영동읍 설계리,693,금강,51,11~20,"5,900",1,1994,눈어치1로
 충청북도 영동군 영동읍 설계리,693,금강,51,11~20,"6,200",6,1994,눈어치1로
 충청북도 영동군 영동읍 설계리,693,금강,51,11~20,"6,200",3,1994,눈어치1로
 충청북도 영동군 영동읍 설계리,693,금강,51,11~20,"6,200",4,1994,눈어치1로
 충청북도 영동군 영동읍 설계리,693,금강,51,11~20,"6,200",3,1994,눈어치1로
 충청북도 영동군 영동읍 설계리,693,금강,51,11~20,"6,200",4,1994,눈어치1로
 충청북도 영동군 영동읍 설계리,693,금강,51,11~20,"6,200",4,1994,눈어치1로
 충청북도 영동군 영동읍 설계리,693,금강,51,11~20,"6,200",4,1994,눈어치1로
 충청북도 영동군 영동읍 설계리,693,금강,51,11~20,"6,000",2,1994,눈어치1로
 충청북도 영동군 영동읍 설계리,693,금강,51,11~20,"6,200",3,1994,눈어치1로
 충청북도 영동군 영동읍 설계리,693,금강,51,11~20,"6,200",2,1994,눈어치1로
 충청북도 영동군 영동읍 설계리,693,금강,51,11~20,"6,000",2,1994,눈어치1로
 충청북도 영동군 영동읍 설계리,693,금강,51,11~20,"6,200",3,1994,눈어치1로
 충청북도 영동군 영동읍 설계리,693,금강,51,11~20,"6,200",2,1994,눈어치1로
 충청북도 영동군 영동읍 설계리,693,금강,51,11~20,"6,200",3,1994,눈어치1로
 충청북도 영동군 영동읍 설계리,693,금강,51,11~20,"6,200",2,1994,눈어치1로
 충청북도 영동군 영동읍 설계리,693,금강,51,11~20,"6,200",6,1994,눈어치1로
 충청북도 영동군 영동읍 설계리,693,금강,59.88,1~10,"6,700",1,1994,눈어치1로
 충청북도 영동군 영동읍 설계리,693,금강,59.88,1~10,"6,700",6,1994,눈어치1로
 충청북도 영동군 영동읍 설계리,693,금강,59.88,1~10,"6,900",4,1994,눈어치1로
 충청북도 영동군 영동읍 설계리,693,금강,59.88,1~10,"6,900",4,1994,눈어치1로
 충청북도 영동군 영동읍 설계리,693,금강,59.88,1~10,"6,900",5,1994,눈어치1로
 충청북도 영동군 영동읍 설계리,693,금강,59.88,1~10,"6,900",2,1994,눈어치1로
 충청북도 영동군 영동읍 설계리,693,금강,59.88,1~10,"6,900",5,1994,눈어치1로
 충청북도 영동군 영동읍 설계리,693,금강,59.88,1~10,"6,900",5,1994,눈어치1로
 충청북도 영동군 영동읍 설계리,693,금강,59.88,1~10,"6,700",6,1994,눈어치1로
 충청북도 영동군 영동읍 설계리,693,금강,59.88,1~10,"6,700",6,1994,눈어치1로
 충청북도 영동군 영동읍 설계리,693,금강,59.88,1~10,"6,900",4,1994,눈어치1로
 충청북도 영동군 영동읍 설계리,693,금강,59.88,1~10,"6,700",6,1994,눈어치1로
 충청북도 영동군 영동읍 설계리,693,금강,59.88,1~10,"6,700",1,1994,눈어치1로
 충청북도 영동군 영동읍 설계리,693,금강,59.88,11~20,"4,866",5,1994,눈어치1로
 충청북도 영동군 영동읍 설계리,693,금강,59.88,11~20,"4,866",4,1994,눈어치1로
 충청북도 영동군 영동읍 설계리,693,금강,59.88,11~20,"4,866",6,1994,눈어치1로
 충청북도 영동군 영동읍 설계리,693,금강,59.88,11~20,"4,866",3,1994,눈어치1로
 충청북도 영동군 영동읍 설계리,693,금강,59.88,11~20,"4,866",2,1994,눈어치1로
 충청북도 영동군 영동읍 설계리,693,금강,59.88,11~20,"4,866",3,1994,눈어치1로
 충청북도 영동군 영동읍 설계리,693,금강,59.88,11~20,"7,100",4,1994,눈어치1로
 충청북도 영동군 영동읍 설계리,693,금강,59.88,11~20,"7,100",2,1994,눈어치1로
 충청북도 영동군 영동읍 설계리,693,금강,59.88,11~20,"4,866",3,1994,눈어치1로
 충청북도 영동군 영동읍 설계리,693,금강,59.88,11~20,"7,100",6,1994,눈어치1로
 충청북도 영동군 영동읍 설계리,693,금강,59.88,11~20,"4,866",2,1994,눈어치1로
 충청북도 영동군 영동읍 설계리,693,금강,59.88,11~20,"4,866",5,1994,눈어치1로
 충청북도 영동군 영동읍 설계리,693,금강,59.88,11~20,"7,100",2,1994,눈어치1로
 충청북도 영동군 영동읍 설계리,693,금강,59.88,11~20,"4,866",1,1994,눈어치1로
 충청북도 영동군 영동읍 설계리,693,금강,59.88,11~20,"7,100",3,1994,눈어치1로
 충청북도 영동군 영동읍 설계리,693,금강,59.88,11~20,"4,866",4,1994,눈어치1로
 충청북도 영동군 영동읍 설계리,693,금강,59.88,11~20,"4,866",4,1994,눈어치1로
 충청북도 영동군 영동읍 설계리,693,금강,59.88,11~20,"4,866",6,1994,눈어치1로
 충청북도 영동군 영동읍 설계리,693,금강,59.88,11~20,"4,866",5,1994,눈어치1로
 충청북도 영동군 영동읍 설계리,693,금강,59.88,11~20,"6,900",1,1994,눈어치1로
 충청북도 영동군 영동읍 설계리,693,금강,59.88,11~20,"4,866",2,1994,눈어치1로
 충청북도 영동군 영동읍 설계리,693,금강,59.88,11~20,"4,866",3,1994,눈어치1로
 충청북도 영동군 영동읍 설계리,693,금강,59.88,11~20,"4,866",3,1994,눈어치1로
 충청북도 영동군 영동읍 설계리,693,금강,59.88,11~20,"6,900",1,1994,눈어치1로
 충청북도 영동군 영동읍 설계리,693,금강,59.88,11~20,"4,866",6,1994,눈어치1로
 충청북도 영동군 영동읍 설계리,693,금강,59.88,11~20,"7,100",2,1994,눈어치1로
 충청북도 영동군 영동읍 설계리,693,금강,59.88,11~20,"7,100",5,1994,눈어치1로
 충청북도 영동군 영동읍 설계리,693,금강,59.88,11~20,"4,866",4,1994,눈어치1로
 충청북도 영동군 영동읍 설계리,693,금강,59.88,11~20,"6,900",1,1994,눈어치1로
 충청북도 영동군 영동읍 설계리,693,금강,59.88,11~20,"6,900",1,1994,눈어치1로
 충청북도 영동군 영동읍 설계리,693,금강,59.88,11~20,"4,866",2,1994,눈어치1로
 충청북도 영동군 영동읍 설계리,693,금강,59.88,11~20,"7,100",2,1994,눈어치1로
 충청북도 영동군 영동읍 설계리,693,금강,59.88,11~20,"4,866",3,1994,눈어치1로
 충청북도 영동군 영동읍 설계리,693,금강,59.88,11~20,"7,100",6,1994,눈어치1로
 충청북도 영동군 영동읍 설계리,693,금강,59.88,11~20,"4,866",5,1994,눈어치1로
 충청북도 영동군 영동읍 설계리,693,금강,59.88,11~20,"4,866",4,1994,눈어치1로
 충청북도 영동군 영동읍 설계리,693,금강,59.88,21~30,"4,866",6,1994,눈어치1로
 충청북도 영동군 영동읍 설계리,693,금강,59.88,21~30,"4,866",4,1994,눈어치1로
 충청북도 영동군 영동읍 설계리,693,금강,59.88,21~30,"4,866",6,1994,눈어치1로
 충청북도 영동군 영동읍 설계리,693,금강,59.88,21~30,"4,866",6,1994,눈어치1로
 충청북도 영동군 영동읍 설계리,693,금강,59.88,21~30,"4,866",4,1994,눈어치1로
 충청북도 영동군 영동읍 설계리,693,금강,59.88,21~30,"4,866",2,1994,눈어치1로
 충청북도 영동군 영동읍 설계리,693,금강,59.88,21~30,"4,866",4,1994,눈어치1로
 충청북도 영동군 영동읍 설계리,693,금강,59.88,21~30,"4,866",5,1994,눈어치1로
 충청북도 영동군 영동읍 설계리,693,금강,59.88,21~30,"4,866",6,1994,눈어치1로
 충청북도 영동군 영동읍 설계리,693,금강,59.88,21~30,"4,866",1,1994,눈어치1로
 충청북도 영동군 영동읍 설계리,693,금강,59.88,21~30,"4,866",1,1994,눈어치1로
 충청북도 영동군 영동읍 설계리,693,금강,59.88,21~30,"4,866",5,1994,눈어치1로
 충청북도 영동군 영동읍 설계리,693,금강,59.88,21~30,"4,866",5,1994,눈어치1로
 충청북도 영동군 영동읍 설계리,693,금강,59.88,21~30,"7,100",6,1994,눈어치1로
 충청북도 영동군 영동읍 설계리,693,금강,59.88,21~30,"7,100",3,1994,눈어치1로
 충청북도 영동군 영동읍 설계리,693,금강,59.88,21~30,"7,100",4,1994,눈어치1로
 충청북도 영동군 영동읍 설계리,693,금강,59.88,21~30,"7,100",3,1994,눈어치1로
 충청북도 영동군 영동읍 설계리,693,금강,59.88,21~30,"7,100",5,1994,눈어치1로
 충청북도 영동군 영동읍 설계리,693,금강,59.88,21~30,"6,900",1,1994,눈어치1로
 충청북도 영동군 영동읍 설계리,693,금강,59.88,21~30,"7,100",5,1994,눈어치1로
 충청북도 영동군 영동읍 설계리,693,금강,59.88,21~30,"7,100",4,1994,눈어치1로
 충청북도 영동군 영동읍 설계리,693,금강,59.88,21~30,"7,100",5,1994,눈어치1로
 충청북도 영동군 영동읍 설계리,693,금강,59.88,21~30,"7,100",3,1994,눈어치1로
 충청북도 영동군 영동읍 설계리,693,금강,59.88,21~30,"7,100",4,1994,눈어치1로
 충청북도 영동군 영동읍 설계리,693,금강,59.88,21~30,"7,100",2,1994,눈어치1로
 충청북도 영동군 영동읍 설계리,693,금강,59.88,21~30,"7,100",6,1994,눈어치1로
 충청북도 영동군 영동읍 설계리,693,금강,59.88,21~30,"7,100",5,1994,눈어치1로
 충청북도 영동군 영동읍 설계리,693,금강,59.88,21~30,"7,100",6,1994,눈어치1로
 충청북도 영동군 영동읍 설계리,693,금강,59.88,21~30,"7,100",2,1994,눈어치1로
 충청북도 영동군 영동읍 설계리,693,금강,59.88,21~30,"7,100",4,1994,눈어치1로
 충청북도 영동군 영동읍 설계리,693,금강,59.88,21~30,"7,100",3,1994,눈어치1로
 충청북도 영동군 영동읍 설계리,693,금강,59.88,21~30,"7,100",3,1994,눈어치1로
 충청북도 영동군 영동읍 설계리,693,금강,59.88,21~30,"7,100",2,1994,눈어치1로
 충청북도 영동군 영동읍 설계리,693,금강,59.88,21~30,"7,100",4,1994,눈어치1로
 충청북도 영동군 영동읍 설계리,693,금강,59.88,21~30,"7,100",2,1994,눈어치1로
 충청북도 영동군 영동읍 설계리,693,금강,59.88,21~30,"7,100",3,1994,눈어치1로
 충청북도 영동군 영동읍 설계리,886,주공아파트(886-0),39.94,21~30,"5,400",8,2002,눈어치로
 충청북도 영동군 영동읍 설계리,886,주공아파트(886-0),49.81,1~10,"7,450",6,2002,눈어치로
 충청북도 영동군 영동읍 설계리,886,주공아파트(886-0),49.81,11~20,"7,700",7,2002,눈어치로
 충청북도 영동군 영동읍 설계리,621-1,훼미리타운,31.32,1~10,"2,500",1,1998,눈어치로
 충청북도 옥천군 옥천읍 금구리,235-26,다산금빛,59.85,1~10,"7,631",1,2002,가화3길
 충청북도 옥천군 옥천읍 금구리,235-26,다산금빛,59.85,1~10,"7,982",2,2002,가화3길
 충청북도 옥천군 옥천읍 금구리,235-26,다산금빛,59.85,11~20,"8,500",13,2002,가화3길
 충청북도 옥천군 옥천읍 금구리,235-1,옥천가화현대,84.68,1~10,"13,700",4,1995,가화3길
 충청북도 옥천군 옥천읍 금구리,235-1,옥천가화현대,84.86,1~10,"13,900",8,1995,가화3길
 충청북도 옥천군 옥천읍 문정리,467-2,세림,84.6,11~20,"8,000",1,1991,관성로1길
 충청북도 옥천군 옥천읍 문정리,374,옥천문정주공(2)단지,49.62,11~20,"7,800",3,1998,문장로2길
 충청북도 옥천군 옥천읍 문정리,430-1,하늘빛,84.99,1~10,"22,500",14,2007,동부로
 충청북도 옥천군 옥천읍 문정리,430-1,하늘빛,84.99,11~20,"23,400",8,2007,동부로
 충청북도 옥천군 옥천읍 문정리,94,한울,69.42,1~10,"16,000",7,2014,향수1길
 충청북도 옥천군 옥천읍 문정리,94-9,한울2차,73.59,1~10,"17,000",4,2014,향수1길
 충청북도 옥천군 옥천읍 문정리,94-9,한울2차,73.59,11~20,"18,000",3,2014,향수1길
 충청북도 옥천군 옥천읍 문정리,94-9,한울2차,73.59,21~30,"19,000",7,2014,향수1길
 충청북도 옥천군 옥천읍 문정리,94-9,한울2차,76.5,11~20,"18,000",5,2014,향수1길
 충청북도 옥천군 옥천읍 문정리,94-9,한울2차,76.5,11~20,"18,000",7,2014,향수1길
 충청북도 옥천군 옥천읍 문정리,94-9,한울2차,76.75,1~10,"17,000",2,2014,향수1길
 충청북도 옥천군 옥천읍 문정리,94-9,한울2차,76.75,11~20,"18,000",6,2014,향수1길
 충청북도 옥천군 옥천읍 장야리,313,옥천장야주공(1)단지,51.95,11~20,"10,000",2,2002,장야3길
 충청북도 옥천군 옥천읍 장야리,313,옥천장야주공(1)단지,59.64,11~20,"12,300",2,2002,장야3길
 충청북도 옥천군 옥천읍 장야리,313,옥천장야주공(1)단지,59.64,11~20,"12,800",9,2002,장야3길
 충청북도 옥천군 옥천읍 죽향리,196-2,옥천향수마을,84.8,11~20,"14,300",15,2004,성왕로
 충청북도 옥천군 옥천읍 죽향리,196-2,옥천향수마을,84.8,11~20,"15,300",9,2004,성왕로
 충청북도 옥천군 옥천읍 죽향리,153,옥향,108.42,21~30,"14,000",8,1997,성왕로
 충청북도 음성군 감곡면 오향리,568,덕일한마음,46.32,1~10,"7,780",11,2003,음성로
 충청북도 음성군 감곡면 오향리,568,덕일한마음,46.32,1~10,"7,600",9,2003,음성로
 충청북도 음성군 감곡면 오향리,568,덕일한마음,46.32,21~30,"7,350",4,2003,음성로
 충청북도 음성군 감곡면 오향리,568,덕일한마음,46.32,21~30,"7,350",4,2003,음성로
 충청북도 음성군 감곡면 오향리,568,덕일한마음,46.32,21~30,"7,350",4,2003,음성로
 충청북도 음성군 감곡면 오향리,568,덕일한마음,46.32,21~30,"7,300",4,2003,음성로
 충청북도 음성군 감곡면 오향리,568,덕일한마음,46.32,21~30,"7,200",4,2003,음성로
 충청북도 음성군 감곡면 오향리,568,덕일한마음,46.32,21~30,"7,400",10,2003,음성로
 충청북도 음성군 감곡면 오향리,568,덕일한마음,59.97,11~20,"12,700",10,2003,음성로
 충청북도 음성군 감곡면 오향리,568,덕일한마음,59.97,11~20,"12,000",9,2003,음성로
 충청북도 음성군 감곡면 오향리,405-16,드림타워,58.72,1~10,"9,000",5,2011,거일길
 충청북도 음성군 감곡면 오향리,405-16,드림타워,58.72,1~10,"9,000",5,2011,거일길
 충청북도 음성군 감곡면 오향리,557-4,부강,59.9,11~20,"7,650",4,1993,음성로
 충청북도 음성군 감곡면 오향리,557-4,부강,59.9,11~20,"7,700",1,1993,음성로
 충청북도 음성군 감곡면 오향리,557-4,부강,59.9,11~20,"7,300",9,1993,음성로
 충청북도 음성군 감곡면 오향리,557-4,부강,59.9,11~20,"8,900",6,1993,음성로
 충청북도 음성군 감곡면 오향리,557-4,부강,59.9,21~30,"8,200",11,1993,음성로
 충청북도 음성군 감곡면 오향리,557-4,부강,84.84,11~20,"10,000",10,1993,음성로
 충청북도 음성군 감곡면 오향리,409-1,삼성래미안,59.76,21~30,"6,700",2,1994,거일길
 충청북도 음성군 금왕읍 금석리,259,로얄맨션,59.76,11~20,"7,600",5,1991,음성로
 충청북도 음성군 금왕읍 금석리,340-7,음성금왕두진하트리움,65.62,21~30,"17,500",4,2007,대금로
 충청북도 음성군 금왕읍 금석리,340-7,음성금왕두진하트리움,84.93,11~20,"20,500",7,2007,대금로
 충청북도 음성군 금왕읍 금석리,340-7,음성금왕두진하트리움,84.93,21~30,"21,000",11,2007,대금로
 충청북도 음성군 금왕읍 무극리,59-23,"금왕풍산(가,나)",59.88,1~10,"6,900",1,1990,무극로286번길
 충청북도 음성군 금왕읍 무극리,66-1,동진매화,59.91,1~10,"6,300",1,1994,응천서길27번길
 충청북도 음성군 금왕읍 무극리,662,두진백로1차,59.58,21~30,"9,250",5,1995,탑골길
 충청북도 음성군 금왕읍 무극리,661,두진백로2차,59.52,1~10,"10,000",4,1997,탑골길
 충청북도 음성군 금왕읍 무극리,585-11,명운네스트빌,59.95,11~20,"12,500",8,2004,무극로
 충청북도 음성군 금왕읍 무극리,585-11,명운네스트빌,84.74,11~20,"16,900",8,2004,무극로
 충청북도 음성군 금왕읍 무극리,585-11,명운네스트빌,84.74,21~30,"15,900",3,2004,무극로
 충청북도 음성군 금왕읍 무극리,34-3,음성금왕휴먼시아(구.주공2단지),51.95,21~30,"10,100",4,2002,대금로
 충청북도 음성군 금왕읍 무극리,504-16,풍산장미,59.88,11~20,"7,300",2,1995,무극로
 충청북도 음성군 금왕읍 무극리,504-16,풍산장미,59.88,11~20,"8,200",10,1995,무극로
 충청북도 음성군 금왕읍 무극리,504-16,풍산장미,59.88,11~20,"7,800",10,1995,무극로
 충청북도 음성군 금왕읍 무극리,504-16,풍산장미,59.88,21~30,"8,400",14,1995,무극로
 충청북도 음성군 금왕읍 무극리,504-16,풍산장미,59.88,21~30,"7,400",5,1995,무극로
 충청북도 음성군 금왕읍 무극리,504-16,풍산장미,59.88,21~30,"8,200",10,1995,무극로
 충청북도 음성군 금왕읍 본대리,산20-4,광일,47.64,1~10,"3,000",2,1992,신내로
 충청북도 음성군 금왕읍 오선리,25-4,극동미라주,59.55,11~20,"7,500",1,2002,대금로
 충청북도 음성군 대소면 대풍리,582-7,산수화,48.66,1~10,"7,250",11,2004,대금로105번길
 충청북도 음성군 대소면 대풍리,582-7,산수화,48.66,1~10,"7,500",9,2004,대금로105번길
 충청북도 음성군 대소면 대풍리,582-7,산수화,48.66,1~10,"7,500",6,2004,대금로105번길
 충청북도 음성군 대소면 대풍리,582-7,산수화,48.66,11~20,"7,300",9,2004,대금로105번길
 충청북도 음성군 대소면 대풍리,582-7,산수화,48.66,21~30,"7,250",6,2004,대금로105번길
 충청북도 음성군 대소면 대풍리,582-7,산수화,48.66,21~30,"7,250",11,2004,대금로105번길
 충청북도 음성군 대소면 대풍리,582-7,산수화,48.66,21~30,"7,050",15,2004,대금로105번길
 충청북도 음성군 대소면 대풍리,582-7,산수화,59.96,1~10,"10,000",9,2004,대금로105번길
 충청북도 음성군 대소면 대풍리,621,음성대소부영,84.8,1~10,"14,300",2,2006,대청로
 충청북도 음성군 대소면 대풍리,621,음성대소부영,84.8,11~20,"14,800",12,2006,대청로
 충청북도 음성군 대소면 대풍리,621,음성대소부영,84.8,21~30,"13,720",2,2006,대청로
 충청북도 음성군 대소면 대풍리,621,음성대소부영,84.8,21~30,"13,720",2,2006,대청로
 충청북도 음성군 대소면 대풍리,621,음성대소부영,84.8,21~30,"13,300",1,2006,대청로
 충청북도 음성군 대소면 대풍리,621,음성대소부영,84.8,21~30,"14,000",3,2006,대청로
 충청북도 음성군 대소면 대풍리,621,음성대소부영,84.8,21~30,"14,000",7,2006,대청로
 충청북도 음성군 대소면 대풍리,621,음성대소부영,84.8,21~30,"14,000",11,2006,대청로
 충청북도 음성군 대소면 대풍리,621,음성대소부영,84.8,21~30,"14,000",5,2006,대청로
 충청북도 음성군 대소면 대풍리,621,음성대소부영,84.8,21~30,"14,000",8,2006,대청로
 충청북도 음성군 대소면 대풍리,621,음성대소부영,84.8,21~30,"14,000",6,2006,대청로
 충청북도 음성군 대소면 대풍리,621,음성대소부영,84.8,21~30,"14,000",7,2006,대청로
 충청북도 음성군 대소면 대풍리,621,음성대소부영,84.8,21~30,"14,000",10,2006,대청로
 충청북도 음성군 대소면 대풍리,621,음성대소부영,84.8,21~30,"14,000",10,2006,대청로
 충청북도 음성군 대소면 부윤리,130-17,무궁화,27.63,1~10,"1,800",14,1995,대동로
 충청북도 음성군 대소면 부윤리,130-17,무궁화,27.63,11~20,"1,750",2,1995,대동로
 충청북도 음성군 대소면 부윤리,121-1,한미금강,33.75,1~10,"2,500",4,1994,신내로
 충청북도 음성군 대소면 부윤리,121-1,한미금강,33.75,1~10,"2,500",5,1994,신내로
 충청북도 음성군 대소면 부윤리,121-1,한미금강,33.75,1~10,"2,500",5,1994,신내로
 충청북도 음성군 대소면 부윤리,121-1,한미금강,49.5,1~10,"4,500",2,1994,신내로
 충청북도 음성군 대소면 부윤리,121-1,한미금강,49.5,11~20,"4,500",1,1994,신내로
 충청북도 음성군 대소면 소석리,11-7,음성SK VIEW,84.86,1~10,"14,700",11,2008,대금로
 충청북도 음성군 대소면 오류리,66-5,기흥아랫마을,56.83,1~10,"10,250",7,2000,대금로379번길
 충청북도 음성군 대소면 오류리,66-5,기흥아랫마을,56.83,11~20,"10,700",10,2000,대금로379번길
 충청북도 음성군 대소면 오산리,114-5,풍산,59.34,1~10,"7,550",4,1991,오산로
 충청북도 음성군 대소면 태생리,756,대소두진하트리움,75.24,11~20,"16,500",9,2012,대금로
 충청북도 음성군 대소면 태생리,756,대소두진하트리움,75.24,11~20,"17,000",14,2012,대금로
 충청북도 음성군 대소면 태생리,756,대소두진하트리움,84.81,1~10,"19,000",4,2012,대금로
 충청북도 음성군 대소면 태생리,756,대소두진하트리움,84.81,21~30,"17,500",2,2012,대금로
 충청북도 음성군 대소면 태생리,79-5,대소한양1,40.8,21~30,"5,500",3,1997,대화1길
 충청북도 음성군 대소면 태생리,79-5,대소한양1,51.99,21~30,"7,300",5,1997,대화1길
 충청북도 음성군 대소면 태생리,79-12,대소한양2,39.84,21~30,"5,700",7,1997,대화1길
 충청북도 음성군 대소면 태생리,79-12,대소한양2,51.99,1~10,"7,000",1,1997,대화1길
 충청북도 음성군 대소면 태생리,79-12,대소한양2,51.99,11~20,"6,800",3,1997,대화1길
 충청북도 음성군 대소면 태생리,308,한진신세대,59.79,11~20,"7,200",2,1998,대성로77번길
 충청북도 음성군 맹동면 동성리,246,엘에이치이노밸리,74.42,21~30,"20,000",14,2014,학예로
 충청북도 음성군 맹동면 동성리,246,엘에이치이노밸리,74.42,21~30,"19,000",24,2014,학예로
 충청북도 음성군 맹동면 동성리,246,엘에이치이노밸리,84.4,11~20,"20,500",14,2014,학예로
 충청북도 음성군 맹동면 동성리,246,엘에이치이노밸리,84.53,1~10,"21,800",9,2014,학예로
 충청북도 음성군 맹동면 동성리,246,엘에이치이노밸리,84.53,1~10,"20,000",24,2014,학예로
 충청북도 음성군 맹동면 동성리,246,엘에이치이노밸리,84.53,1~10,"21,500",13,2014,학예로
 충청북도 음성군 맹동면 동성리,246,엘에이치이노밸리,84.53,11~20,"20,500",2,2014,학예로
 충청북도 음성군 맹동면 동성리,246,엘에이치이노밸리,84.53,21~30,"21,250",24,2014,학예로
 충청북도 음성군 맹동면 동성리,445,충북혁신도시 LH쌍용예가,59.93,1~10,"17,400",18,2014,사예로
 충청북도 음성군 맹동면 동성리,445,충북혁신도시 LH쌍용예가,59.93,11~20,"18,100",19,2014,사예로
 충청북도 음성군 맹동면 동성리,445,충북혁신도시 LH쌍용예가,59.93,11~20,"17,750",13,2014,사예로
 충청북도 음성군 맹동면 동성리,445,충북혁신도시 LH쌍용예가,59.93,21~30,"18,500",14,2014,사예로
 충청북도 음성군 맹동면 동성리,445,충북혁신도시 LH쌍용예가,59.93,21~30,"18,000",6,2014,사예로
 충청북도 음성군 맹동면 동성리,445,충북혁신도시 LH쌍용예가,59.93,21~30,"18,400",14,2014,사예로
 충청북도 음성군 삼성면 덕정리,594-10,대성진달래,59.51,11~20,"4,900",6,1996,덕정로
 충청북도 음성군 삼성면 덕정리,548-27,삼성명지,84.94,11~20,"10,500",5,2008,덕정로65번길
 충청북도 음성군 삼성면 덕정리,548-27,삼성명지,84.94,21~30,"10,500",7,2008,덕정로65번길
 충청북도 음성군 음성읍 신천리,149,금광포란재,59.98,1~10,"11,450",14,2005,반기문로
 충청북도 음성군 음성읍 신천리,149,금광포란재,59.98,11~20,"11,100",3,2005,반기문로
 충청북도 음성군 음성읍 신천리,149,금광포란재,59.98,21~30,"10,900",13,2005,반기문로
 충청북도 음성군 음성읍 신천리,149,금광포란재,84.98,1~10,"14,450",6,2005,반기문로
 충청북도 음성군 음성읍 신천리,149,금광포란재,84.98,11~20,"14,600",5,2005,반기문로
 충청북도 음성군 음성읍 읍내리,679-2,무지개,84.83,1~10,"8,400",5,1993,용광로
 충청북도 음성군 음성읍 읍내리,402-4,시티빌아파트,73.66,11~20,"17,500",10,2015,중앙로40번길
 충청북도 음성군 음성읍 읍내리,402-4,시티빌아파트,73.66,11~20,"17,000",4,2015,중앙로40번길
 충청북도 음성군 음성읍 읍내리,950,음성지평더웰,61.56,21~30,"16,300",4,2012,설성공원길
 충청북도 음성군 음성읍 읍내리,950,음성지평더웰,84.98,11~20,"22,600",15,2012,설성공원길
 충청북도 음성군 음성읍 읍내리,805,한성진주,40.56,1~10,"4,700",14,1994,설성로
 충청북도 음성군 음성읍 읍내리,805,한성진주,46.14,21~30,"4,500",2,1994,설성로
 충청북도 음성군 음성읍 읍내리,805,한성진주,60,11~20,"8,500",14,1994,설성로
 충청북도 제천시 고암동,1142,고암두진4차,33,1~10,"4,700",11,2000,용두천로
 충청북도 제천시 고암동,1142,고암두진4차,33,1~10,"4,700",9,2000,용두천로
 충청북도 제천시 고암동,1142,고암두진4차,33,1~10,"4,700",10,2000,용두천로
 충청북도 제천시 고암동,1142,고암두진4차,33,11~20,"4,800",8,2000,용두천로
 충청북도 제천시 고암동,1142,고암두진4차,33,11~20,"4,550",14,2000,용두천로
 충청북도 제천시 고암동,1142,고암두진4차,33,21~30,"4,700",3,2000,용두천로
 충청북도 제천시 고암동,1250,고암주공1,38.52,1~10,"4,700",1,1986,고암로14길
 충청북도 제천시 고암동,1129-1,금용,59.91,1~10,"7,950",13,1993,용두천로44길
 충청북도 제천시 고암동,1101,두진백로,45.6,11~20,"7,000",5,1997,용두천로
 충청북도 제천시 고암동,1101,두진백로,59.84,1~10,"12,300",11,1997,용두천로
 충청북도 제천시 고암동,1101,두진백로,59.84,11~20,"10,700",9,1997,용두천로
 충청북도 제천시 고암동,1101,두진백로,76.52,1~10,"13,700",7,1997,용두천로
 충청북도 제천시 고암동,1101,두진백로,76.52,1~10,"12,300",10,1997,용두천로
 충청북도 제천시 고암동,1254,보미파란채,84.97,11~20,"20,700",14,2009,용두천로46길
 충청북도 제천시 고암동,1254,보미파란채,84.97,11~20,"21,500",8,2009,용두천로46길
 충청북도 제천시 고암동,1254,보미파란채,124.95,21~30,"26,900",6,2009,용두천로46길
 충청북도 제천시 고암동,1163-1,부강,59.68,21~30,"7,950",1,1988,고암로
 충청북도 제천시 동현동,63-1,세경,38.88,1~10,"3,365",1,1989,의병대로30길
 충청북도 제천시 동현동,63-1,세경,56.88,1~10,"6,000",2,1989,의병대로30길
 충청북도 제천시 동현동,29-2,현대,84.93,21~30,"13,000",3,1992,독순로
 충청북도 제천시 봉양읍 미당리,820,미당한마음,59.55,1~10,"9,000",12,2004,용두대로36길
 충청북도 제천시 봉양읍 미당리,820,미당한마음,59.55,1~10,"8,000",1,2004,용두대로36길
 충청북도 제천시 봉양읍 미당리,820,미당한마음,59.55,21~30,"9,150",10,2004,용두대로36길
 충청북도 제천시 봉양읍 주포리,235,중앙,49.5,1~10,"4,900",13,1994,제원로2길
 충청북도 제천시 봉양읍 주포리,235,중앙,84.5,11~20,"8,300",12,1994,제원로2길
 충청북도 제천시 봉양읍 주포리,235,중앙,84.5,11~20,"6,950",5,1994,제원로2길
 충청북도 제천시 신백동,208-5,극동1,84.99,11~20,"13,300",3,1993,관전로1길
 충청북도 제천시 신백동,110,덕일한마음1,51.03,1~10,"7,100",12,1996,탑안로4길
 충청북도 제천시 신백동,205-5,장미,59.74,1~10,"7,000",4,1994,의병대로36길
 충청북도 제천시 신백동,201-1,화성(1~8동),44.64,11~20,"4,800",1,1988,신백로12길
 충청북도 제천시 신백동,198-3,화성2차,43.44,11~20,"5,050",3,1992,신백로14길
 충청북도 제천시 신백동,198-3,화성2차,43.44,21~30,"5,270",2,1992,신백로14길
 충청북도 제천시 신백동,198-3,화성2차,45.6,21~30,"3,900",5,1992,신백로14길
 충청북도 제천시 왕암동,905,현진에버빌1차,64.42,1~10,"11,900",2,2007,바이오밸리로
 충청북도 제천시 왕암동,905,현진에버빌1차,64.42,21~30,"14,300",10,2007,바이오밸리로
 충청북도 제천시 왕암동,905,현진에버빌1차,73.85,11~20,"16,450",4,2007,바이오밸리로
 충청북도 제천시 왕암동,905,현진에버빌1차,84.68,11~20,"18,300",15,2007,바이오밸리로
 충청북도 제천시 왕암동,905,현진에버빌1차,84.68,11~20,"17,500",13,2007,바이오밸리로
 충청북도 제천시 왕암동,905,현진에버빌1차,84.68,21~30,"18,700",13,2007,바이오밸리로
 충청북도 제천시 의림동,245,에덴패밀리,97.46,21~30,"15,000",4,2008,독순로
 충청북도 제천시 장락동,678,장락e-편한세상,84.94,1~10,"21,000",11,2007,장락로
 충청북도 제천시 장락동,678,장락e-편한세상,84.94,1~10,"22,000",9,2007,장락로
 충청북도 제천시 장락동,1046,장락동롯데캐슬,84.98,1~10,"20,370",14,2008,신죽하로
 충청북도 제천시 장락동,1046,장락동롯데캐슬,118.19,21~30,"25,600",4,2008,신죽하로
 충청북도 제천시 장락동,1046,장락동롯데캐슬,118.19,21~30,"26,900",14,2008,신죽하로
 충청북도 제천시 장락동,1046,장락동롯데캐슬,118.19,21~30,"22,800",3,2008,신죽하로
 충청북도 제천시 장락동,536-4,장락로즈웰,84.95,1~10,"16,000",14,2001,장락로
 충청북도 제천시 장락동,1026,장락주공2단지,39.99,11~20,"6,000",10,1999,죽하로
 충청북도 제천시 장락동,1026,장락주공2단지,39.99,11~20,"7,500",12,1999,죽하로
 충청북도 제천시 장락동,1026,장락주공2단지,49.96,1~10,"9,000",9,1999,죽하로
 충청북도 제천시 장락동,1026,장락주공2단지,49.96,11~20,"8,800",2,1999,죽하로
 충청북도 제천시 장락동,1026,장락주공2단지,49.96,21~30,"9,100",7,1999,죽하로
 충청북도 제천시 장락동,1026,장락주공2단지,49.96,21~30,"9,400",6,1999,죽하로
 충청북도 제천시 장락동,1026,장락주공2단지,49.96,21~30,"8,950",5,1999,죽하로
 충청북도 제천시 장락동,637-7,제천미림청솔,49.77,1~10,"8,300",10,1995,청전대로
 충청북도 제천시 장락동,637-7,제천미림청솔,49.77,1~10,"8,350",6,1995,청전대로
 충청북도 제천시 장락동,460,천일베리굿,59.95,21~30,"11,300",4,2003,내토로65길
 충청북도 제천시 천남동,9-10,코아루,84.89,21~30,"20,000",5,2005,원뜰로
 충청북도 제천시 천남동,9-10,코아루,130.83,11~20,"23,700",11,2005,원뜰로
 충청북도 제천시 청전동,626,덕일,84.12,1~10,"14,300",1,1991,용두천로
 충청북도 제천시 청전동,985,두진백로,60,1~10,"10,700",15,1995,칠성로
 충청북도 제천시 청전동,985,두진백로,60,11~20,"11,800",3,1995,칠성로
 충청북도 제천시 청전동,639,비둘기,35.52,1~10,"4,150",15,1991,청전대로
 충청북도 제천시 청전동,639,비둘기,35.52,1~10,"5,000",2,1991,청전대로
 충청북도 제천시 청전동,639,비둘기,35.52,1~10,"4,200",11,1991,청전대로
 충청북도 제천시 청전동,639,비둘기,35.52,11~20,"4,600",9,1991,청전대로
 충청북도 제천시 청전동,639,비둘기,35.52,11~20,"4,330",14,1991,청전대로
 충청북도 제천시 청전동,639,비둘기,35.52,11~20,"3,800",9,1991,청전대로
 충청북도 제천시 청전동,639,비둘기,35.52,21~30,"4,730",9,1991,청전대로
 충청북도 제천시 청전동,639,비둘기,35.52,21~30,"4,900",15,1991,청전대로
 충청북도 제천시 청전동,480-4,성한,54.63,1~10,"7,300",3,1991,명륜로2길
 충청북도 제천시 청전동,480-4,성한,54.63,21~30,"5,600",5,1991,명륜로2길
 충청북도 제천시 청전동,4-16,시영,49.35,1~10,"5,500",4,1982,고암로13길
 충청북도 제천시 청전동,4,주공,41.98,1~10,"2,750",4,1980,청전대로15길
 충청북도 제천시 청전동,4,주공,41.99,1~10,"3,300",3,1980,청전대로15길
 충청북도 제천시 청전동,4,주공,42.54,1~10,"2,800",2,1980,청전대로15길
 충청북도 제천시 청전동,4,주공,42.54,21~30,"3,870",3,1980,청전대로15길
 충청북도 제천시 청전동,4,주공,42.54,21~30,"3,500",3,1980,청전대로15길
 충청북도 제천시 청전동,646,청전2주공,39.61,11~20,"5,000",4,1991,고암로
 충청북도 제천시 청전동,646,청전2주공,39.61,11~20,"5,480",1,1991,고암로
 충청북도 제천시 청전동,646,청전2주공,40,11~20,"3,800",6,1991,고암로
 충청북도 제천시 청전동,646,청전2주공,40,21~30,"5,650",3,1991,고암로
 충청북도 제천시 청전동,72,현대,84.95,1~10,"13,000",13,1990,용두천로
 충청북도 제천시 하소동,170-7,고래,49.92,21~30,"6,500",3,1989,용두대로9길
 충청북도 제천시 하소동,82,주공,39.69,11~20,"4,300",5,1989,용두대로15길
 충청북도 제천시 하소동,82,주공,39.69,21~30,"6,000",2,1989,용두대로15길
 충청북도 제천시 하소동,82,주공,46.68,11~20,"6,650",3,1989,용두대로15길
 충청북도 제천시 하소동,82,주공,46.68,11~20,"6,700",2,1989,용두대로15길
 충청북도 제천시 하소동,82,주공,47.01,21~30,"6,670",2,1989,용두대로15길
 충청북도 제천시 하소동,353,주공2,39.6,11~20,"7,400",2,1995,하소로
 충청북도 제천시 하소동,353,주공2,58.74,1~10,"10,700",4,1995,하소로
 충청북도 제천시 하소동,353,주공2,58.74,1~10,"10,800",8,1995,하소로
 충청북도 제천시 하소동,353,주공2,58.74,1~10,"8,000",9,1995,하소로
 충청북도 제천시 하소동,353,주공2,58.74,21~30,"8,800",1,1995,하소로
 충청북도 제천시 하소동,139,청구,59.81,1~10,"12,700",4,2002,용두대로15길
 충청북도 제천시 하소동,139,청구,59.81,1~10,"13,000",5,2002,용두대로15길
 충청북도 제천시 하소동,139,청구,59.81,11~20,"13,300",5,2002,용두대로15길
 충청북도 제천시 하소동,139,청구,84.73,11~20,"16,900",13,2002,용두대로15길
 충청북도 제천시 하소동,139,청구,84.73,11~20,"17,300",6,2002,용두대로15길
 충청북도 제천시 하소동,139,청구,84.73,21~30,"17,100",5,2002,용두대로15길
 충청북도 제천시 하소동,110,하소현대,59.92,1~10,"12,000",17,1996,용두대로15길
 충청북도 제천시 하소동,110,하소현대,59.92,21~30,"12,500",12,1996,용두대로15길
 충청북도 제천시 하소동,110,하소현대,84.42,1~10,"14,500",10,1996,용두대로15길
 충청북도 제천시 하소동,110,하소현대,84.42,11~20,"16,000",12,1996,용두대로15길
 충청북도 제천시 하소동,156,현대힐스테이트,84.94,1~10,"25,500",11,2008,용두대로7길
 충청북도 제천시 하소동,156,현대힐스테이트,121,21~30,"31,900",6,2008,용두대로7길
 충청북도 제천시 화산동,906,무궁화,59.9,11~20,"7,700",1,1994,내토로44길
 충청북도 증평군 증평읍 송산리,721,지평더웰,59.91,11~20,"16,900",3,2014,송산로
 충청북도 증평군 증평읍 송산리,721,지평더웰,59.98,1~10,"16,150",9,2014,송산로
 충청북도 증평군 증평읍 송산리,721,지평더웰,59.98,1~10,"16,100",5,2014,송산로
 충청북도 증평군 증평읍 송산리,721,지평더웰,59.98,21~30,"16,200",11,2014,송산로
 충청북도 증평군 증평읍 송산리,721,지평더웰,59.98,21~30,"16,400",5,2014,송산로
 충청북도 증평군 증평읍 신동리,542,상아,39.37,1~10,"3,500",4,1989,삼일로
 충청북도 증평군 증평읍 신동리,545,"증평주공2,3",58.14,11~20,"6,700",8,1995,창신로
 충청북도 증평군 증평읍 신동리,545,"증평주공2,3",58.14,11~20,"7,000",9,1995,창신로
 충청북도 증평군 증평읍 용강리,35,서호이타운,28.51,1~10,"2,100",2,2001,광장로
 충청북도 증평군 증평읍 용강리,35,서호이타운,28.51,1~10,"2,250",11,2001,광장로
 충청북도 증평군 증평읍 용강리,35,서호이타운,28.51,1~10,"2,100",4,2001,광장로
 충청북도 증평군 증평읍 용강리,35,서호이타운,28.51,1~10,"2,100",2,2001,광장로
 충청북도 증평군 증평읍 장동리,921,증평4주공,51.49,1~10,"9,100",15,2003,문화로
 충청북도 증평군 증평읍 장동리,921,증평4주공,51.49,1~10,"8,300",1,2003,문화로
 충청북도 증평군 증평읍 장동리,921,증평4주공,51.49,1~10,"8,400",2,2003,문화로
 충청북도 증평군 증평읍 장동리,921,증평4주공,51.49,21~30,"7,700",1,2003,문화로
 충청북도 증평군 증평읍 장동리,921,증평4주공,51.49,21~30,"8,250",4,2003,문화로
 충청북도 증평군 증평읍 장동리,921,증평4주공,51.95,21~30,"8,500",15,2003,문화로
 충청북도 증평군 증평읍 장동리,921,증평4주공,51.95,21~30,"9,000",7,2003,문화로
 충청북도 증평군 증평읍 장동리,921,증평4주공,51.95,21~30,"8,400",2,2003,문화로
 충청북도 증평군 증평읍 장동리,921,증평4주공,59.92,11~20,"12,100",7,2003,문화로
 충청북도 증평군 증평읍 장동리,921,증평4주공,59.92,21~30,"12,300",3,2003,문화로
 충청북도 증평군 증평읍 장동리,255,증평삼일,59.9,1~10,"7,000",11,1992,장뜰로
 충청북도 증평군 증평읍 장동리,255,증평삼일,59.9,21~30,"7,250",7,1992,장뜰로
 충청북도 증평군 증평읍 장동리,255,증평삼일,59.9,21~30,"7,150",14,1992,장뜰로
 충청북도 증평군 증평읍 장동리,255,증평삼일,84.95,1~10,"11,750",3,1992,장뜰로
 충청북도 증평군 증평읍 장동리,255,증평삼일,84.95,1~10,"10,900",14,1992,장뜰로
 충청북도 증평군 증평읍 장동리,255,증평삼일,84.95,11~20,"12,000",10,1992,장뜰로
 충청북도 증평군 증평읍 증천리,436,삼일무지개,59.94,1~10,"5,350",8,1994,진지내6길
 충청북도 증평군 증평읍 증천리,728,한성,39.6,21~30,"2,600",4,1988,문화로
 충청북도 증평군 증평읍 증천리,728,한성,48.16,1~10,"3,700",4,1988,문화로
 충청북도 증평군 증평읍 증평리,378,동진,59.99,1~10,"5,100",3,1992,삼일로5길
 충청북도 증평군 증평읍 창동리,225,삼보로얄맨션,72.41,1~10,"10,500",17,1991,삼보로7길
 충청북도 증평군 증평읍 창동리,225,삼보로얄맨션,72.41,11~20,"9,700",6,1991,삼보로7길
 충청북도 증평군 증평읍 창동리,282,영우,59.9,1~10,"6,700",10,1992,역전로
 충청북도 증평군 증평읍 창동리,544,주공,39.3,11~20,"4,150",5,1988,삼보로1길
 충청북도 증평군 증평읍 창동리,110,태양맨션,59.91,11~20,"6,500",2,1988,중앙로
 충청북도 증평군 증평읍 창동리,822,파라디아1차,84.98,21~30,"18,800",10,2007,충청대로
 충청북도 증평군 증평읍 창동리,822,파라디아1차,120.74,1~10,"20,400",1,2007,충청대로
 충청북도 증평군 증평읍 초중리,114,일진뜨리에,59.68,11~20,"8,000",1,2005,가장골길
 충청북도 증평군 증평읍 초중리,114,일진뜨리에,59.68,21~30,"8,900",2,2005,가장골길
 충청북도 증평군 증평읍 초중리,45-4,파라디아2차APT,149.21,21~30,"23,400",7,2007,창신로
 충청북도 증평군 증평읍 초중리,45-4,파라디아2차APT,149.83,1~10,"24,500",11,2007,창신로
 충청북도 진천군 광혜원면 광혜원리,1085,광혜원 코아루,119.83,21~30,"20,500",4,2010,구암길
 충청북도 진천군 광혜원면 광혜원리,416-2,광혜원신양,59.8,11~20,"7,350",1,1991,중리1길
 충청북도 진천군 광혜원면 광혜원리,73-3,산호임대,25.68,1~10,"3,200",6,1996,화랑5길
 충청북도 진천군 광혜원면 광혜원리,73-3,산호임대,39.84,11~20,"5,000",3,1996,화랑5길
 충청북도 진천군 광혜원면 광혜원리,529,석미모닝파크,84.72,21~30,"15,750",9,2008,화랑길
 충청북도 진천군 광혜원면 광혜원리,418-2,원림,53.58,1~10,"7,300",10,1992,화랑6길
 충청북도 진천군 광혜원면 광혜원리,418-2,원림,59.52,11~20,"7,800",15,1992,화랑6길
 충청북도 진천군 광혜원면 광혜원리,1088,진천 광혜원 양우내안애 ,38.68,1~10,"10,000",13,2015,장기길
 충청북도 진천군 광혜원면 광혜원리,1078,진천광혜원주공,51.74,1~10,"10,300",5,2003,화랑길
 충청북도 진천군 광혜원면 광혜원리,1078,진천광혜원주공,51.74,11~20,"10,500",9,2003,화랑길
 충청북도 진천군 광혜원면 광혜원리,1078,진천광혜원주공,59.92,1~10,"12,470",14,2003,화랑길
 충청북도 진천군 광혜원면 죽현리,202,갑을임대,39.06,1~10,"5,000",7,2000,진광로
 충청북도 진천군 광혜원면 죽현리,202,갑을임대,39.06,11~20,"5,300",12,2000,진광로
 충청북도 진천군 광혜원면 죽현리,202,갑을임대,49.92,1~10,"7,000",8,2000,진광로
 충청북도 진천군 덕산면 용몽리,559,덕산아담,59.93,11~20,"6,300",3,1996,초금로
 충청북도 진천군 덕산면 합목리,302,나우하이빌,33.18,11~20,"3,800",7,2002,이덕로
 충청북도 진천군 덕산면 합목리,302,나우하이빌,33.18,21~30,"3,760",5,2002,이덕로
 충청북도 진천군 덕산면 합목리,302,나우하이빌,33.18,21~30,"3,400",1,2002,이덕로
 충청북도 진천군 덕산면 합목리,302,나우하이빌,33.18,21~30,"3,680",11,2002,이덕로
 충청북도 진천군 문백면 봉죽리,257,경향렉스빌임대,35.1,21~30,"2,970",10,2000,봉죽2길
 충청북도 진천군 백곡면 석현리,280-1,백곡정암,58.83,11~20,"4,500",4,1996,지곡길
 충청북도 진천군 이월면 송림리,432-9,아담맨션,59.49,11~20,"5,800",2,1993,송현길
 충청북도 진천군 이월면 송림리,371-2,현진포르테,84.68,1~10,"13,300",13,2008,진광로
 충청북도 진천군 진천읍 교성리,52-1,근로자,45,21~30,"6,000",2,1991,중앙동로
 충청북도 진천군 진천읍 교성리,144,진천교성주공,49.85,1~10,"10,100",4,2000,중앙서로
 충청북도 진천군 진천읍 교성리,144,진천교성주공,49.85,1~10,"9,500",15,2000,중앙서로
 충청북도 진천군 진천읍 교성리,144,진천교성주공,49.85,1~10,"9,000",1,2000,중앙서로
 충청북도 진천군 진천읍 교성리,144,진천교성주공,49.85,11~20,"10,200",5,2000,중앙서로
 충청북도 진천군 진천읍 성석리,327-1,동백1,29.25,1~10,"4,600",12,1999,덕금로
 충청북도 진천군 진천읍 성석리,450,산호오크힐,84.85,1~10,"12,700",6,2003,성중로
 충청북도 진천군 진천읍 성석리,450,산호오크힐,84.85,1~10,"12,900",11,2003,성중로
 충청북도 진천군 진천읍 성석리,450,산호오크힐,84.85,11~20,"12,450",2,2003,성중로
 충청북도 진천군 진천읍 성석리,450,산호오크힐,84.85,11~20,"13,800",7,2003,성중로
 충청북도 진천군 진천읍 신정리,390,삼진동산,28.47,1~10,"3,700",4,1996,농다리로
 충청북도 진천군 진천읍 신정리,390,삼진동산,48.12,1~10,"5,500",10,1996,농다리로
 충청북도 진천군 진천읍 신정리,390,삼진동산,59.94,1~10,"7,700",14,1996,농다리로
 충청북도 진천군 진천읍 신정리,390,삼진동산,59.94,11~20,"7,800",14,1996,농다리로
 충청북도 진천군 진천읍 신정리,390,삼진동산,59.94,11~20,"7,500",10,1996,농다리로
 충청북도 진천군 진천읍 신정리,469,우미,59.85,11~20,"7,900",1,1998,문덕1길
 충청북도 진천군 진천읍 신정리,377-2,진천영화블렌하임,59.95,11~20,"9,400",1,2008,농다리로
 충청북도 진천군 진천읍 신정리,377-2,진천영화블렌하임,59.95,11~20,"10,900",7,2008,농다리로
 충청북도 진천군 진천읍 신정리,377-2,진천영화블렌하임,74.37,21~30,"14,050",14,2008,농다리로
 충청북도 진천군 진천읍 읍내리,115-2,서진,84.9,21~30,"8,800",3,1990,남산10길
 충청북도 진천군 진천읍 읍내리,234-12,정암(234-12)2차,75.06,11~20,"6,500",3,1989,중앙북1길
 충청북도 진천군 진천읍 장관리,2-1,남해오네뜨,74,1~10,"16,700",3,2009,장관2길
 충청북도 진천군 진천읍 장관리,2-1,남해오네뜨,74,1~10,"17,000",2,2009,장관2길
 충청북도 진천군 진천읍 장관리,3-1,우주동백2,50,11~20,"6,900",8,1996,장관2길
 충청북도 청주시 상당구 금천동,50-3,경희,31.2,1~10,"4,925",9,1997,꽃산동로
 충청북도 청주시 상당구 금천동,50-3,경희,31.2,11~20,"5,100",7,1997,꽃산동로
 충청북도 청주시 상당구 금천동,50-3,경희,31.2,11~20,"5,050",13,1997,꽃산동로
 충청북도 청주시 상당구 금천동,50-3,경희,31.2,11~20,"5,000",8,1997,꽃산동로
 충청북도 청주시 상당구 금천동,50-3,경희,31.2,11~20,"5,400",11,1997,꽃산동로
 충청북도 청주시 상당구 금천동,50-3,경희,31.2,11~20,"5,100",11,1997,꽃산동로
 충청북도 청주시 상당구 금천동,50-3,경희,31.2,11~20,"5,050",13,1997,꽃산동로
 충청북도 청주시 상당구 금천동,50-3,경희,59.9,11~20,"12,500",4,1997,꽃산동로
 충청북도 청주시 상당구 금천동,476,금천우미린,76.09,11~20,"24,500",8,2014,꽃산동로
 충청북도 청주시 상당구 금천동,77-7,뉴타운,59.96,21~30,"11,800",4,1993,꽃산동로
 충청북도 청주시 상당구 금천동,77-7,뉴타운,134.64,11~20,"20,000",5,1993,꽃산동로
 충청북도 청주시 상당구 금천동,77-7,뉴타운,164.37,1~10,"23,300",3,1993,꽃산동로
 충청북도 청주시 상당구 금천동,77-7,뉴타운,164.37,1~10,"25,500",12,1993,꽃산동로
 충청북도 청주시 상당구 금천동,122-1,삼일,59.84,1~10,"7,500",1,1987,영운천로91번길
 충청북도 청주시 상당구 금천동,122-1,삼일,59.84,11~20,"8,100",5,1987,영운천로91번길
 충청북도 청주시 상당구 금천동,115-1,수정,84.95,1~10,"14,500",9,1993,꽃산동로
 충청북도 청주시 상당구 금천동,70-1,양지,47.07,1~10,"5,300",3,1990,꽃산동로
 충청북도 청주시 상당구 금천동,317,장자마을부영,59.3,1~10,"16,500",13,2002,중고개로
 충청북도 청주시 상당구 금천동,317,장자마을부영,59.3,1~10,"16,700",12,2002,중고개로
 충청북도 청주시 상당구 금천동,317,장자마을부영,59.3,11~20,"16,800",9,2002,중고개로
 충청북도 청주시 상당구 금천동,317,장자마을부영,59.3,11~20,"17,400",9,2002,중고개로
 충청북도 청주시 상당구 금천동,317,장자마을부영,59.3,11~20,"16,300",4,2002,중고개로
 충청북도 청주시 상당구 금천동,275,장자마을부영(275),48.39,11~20,"13,200",9,2001,중고개로
 충청북도 청주시 상당구 금천동,275,장자마을부영(275),48.39,21~30,"12,600",7,2001,중고개로
 충청북도 청주시 상당구 금천동,275,장자마을부영(275),59.3,1~10,"16,500",10,2001,중고개로
 충청북도 청주시 상당구 금천동,275,장자마을부영(275),59.3,11~20,"16,500",11,2001,중고개로
 충청북도 청주시 상당구 금천동,275,장자마을부영(275),59.3,11~20,"16,400",7,2001,중고개로
 충청북도 청주시 상당구 금천동,275,장자마을부영(275),59.3,11~20,"16,700",14,2001,중고개로
 충청북도 청주시 상당구 금천동,275,장자마을부영(275),59.3,21~30,"16,100",5,2001,중고개로
 충청북도 청주시 상당구 금천동,312,장자마을부영(312),84.98,1~10,"22,400",8,2003,수영로
 충청북도 청주시 상당구 금천동,320,장자마을부영(320),84.98,1~10,"21,800",12,2002,호미로
 충청북도 청주시 상당구 금천동,320,장자마을부영(320),84.98,1~10,"21,800",8,2002,호미로
 충청북도 청주시 상당구 금천동,320,장자마을부영(320),84.98,11~20,"20,770",12,2002,호미로
 충청북도 청주시 상당구 금천동,324,장자마을부영(324),84.99,21~30,"18,500",3,2003,호미로
 충청북도 청주시 상당구 금천동,325,장자마을부영(325),84.99,1~10,"23,400",13,2004,수영로
 충청북도 청주시 상당구 금천동,325,장자마을부영(325),84.99,21~30,"18,500",2,2004,수영로
 충청북도 청주시 상당구 금천동,311,장자마을부영그린타운2차,84.86,21~30,"24,000",1,2005,수영로
 충청북도 청주시 상당구 금천동,270,장자마을현대,84.89,21~30,"20,000",1,2002,수영로
 충청북도 청주시 상당구 금천동,106-1,풍림,84.62,11~20,"13,611",8,1992,꽃산동로
 충청북도 청주시 상당구 금천동,199-1,현대,62.08,11~20,"12,950",13,1992,중고개로337번길
 충청북도 청주시 상당구 금천동,199-1,현대,62.08,21~30,"9,450",15,1992,중고개로337번길
 충청북도 청주시 상당구 금천동,199-1,현대,84.84,11~20,"17,500",4,1992,중고개로337번길
 충청북도 청주시 상당구 금천동,199-1,현대,84.84,21~30,"16,900",12,1992,중고개로337번길
 충청북도 청주시 상당구 금천동,124,효성,27.29,11~20,"4,500",15,1998,수영로
 충청북도 청주시 상당구 금천동,124,효성,27.29,21~30,"4,300",15,1998,수영로
 충청북도 청주시 상당구 금천동,137,효성2차,27.27,1~10,"4,500",8,1998,수영로196번길
 충청북도 청주시 상당구 금천동,137,효성2차,27.27,1~10,"4,200",13,1998,수영로196번길
 충청북도 청주시 상당구 남문로1가,53,트레비앙,25.2,1~10,"7,669",6,2016,상당로29번길
 충청북도 청주시 상당구 남문로1가,53,트레비앙,31.82,1~10,"9,782",5,2016,상당로29번길
 충청북도 청주시 상당구 남문로1가,53,트레비앙,31.82,1~10,"9,880",6,2016,상당로29번길
 충청북도 청주시 상당구 남문로1가,53,트레비앙,38.48,11~20,"11,910",8,2016,상당로29번길
 충청북도 청주시 상당구 남문로1가,53,트레비앙,42.92,11~20,"13,276",6,2016,상당로29번길
 충청북도 청주시 상당구 대성동,5,우성,84.95,1~10,"17,500",13,1991,용담로63번길
 충청북도 청주시 상당구 대성동,5,우성,84.95,11~20,"15,300",3,1991,용담로63번길
 충청북도 청주시 상당구 대성동,5,우성,84.95,11~20,"15,500",13,1991,용담로63번길
 충청북도 청주시 상당구 대성동,5,우성,84.95,21~30,"16,300",14,1991,용담로63번길
 충청북도 청주시 상당구 방서동,55-6,참좋은하얀마을,84.52,21~30,"17,300",2,2006,단재로
 충청북도 청주시 상당구 북문로2가,78-10,아트에비뉴198,18.98,11~20,"7,050",10,2016,중앙로
 충청북도 청주시 상당구 북문로2가,78-10,아트에비뉴198,18.98,11~20,"7,050",10,2016,중앙로
 충청북도 청주시 상당구 북문로2가,78-10,아트에비뉴198,18.98,11~20,"7,050",9,2016,중앙로
 충청북도 청주시 상당구 북문로2가,78-10,아트에비뉴198,21.8,11~20,"7,950",9,2016,중앙로
 충청북도 청주시 상당구 북문로2가,78-10,아트에비뉴198,21.8,11~20,"8,200",3,2016,중앙로
 충청북도 청주시 상당구 북문로2가,78-10,아트에비뉴198,25.14,11~20,"9,300",11,2016,중앙로
 충청북도 청주시 상당구 북문로2가,78-10,아트에비뉴198,28.52,1~10,"12,000",11,2016,중앙로
 충청북도 청주시 상당구 북문로3가,49-1,한신휴,73.83,1~10,"24,300",16,2013,중앙로
 충청북도 청주시 상당구 영동,50,평화,81.72,11~20,"11,000",2,1982,교서로
 충청북도 청주시 상당구 영운동,135-19,두산,22.93,1~10,"2,850",11,1992,단재로95번길
 충청북도 청주시 상당구 영운동,135-19,두산,22.93,11~20,"3,050",7,1992,단재로95번길
 충청북도 청주시 상당구 영운동,135-19,두산,22.93,11~20,"3,000",6,1992,단재로95번길
 충청북도 청주시 상당구 영운동,135-19,두산,22.93,21~30,"1,800",8,1992,단재로95번길
 충청북도 청주시 상당구 영운동,135-19,두산,22.93,21~30,"3,100",11,1992,단재로95번길
 충청북도 청주시 상당구 영운동,179-11,미림,49.99,1~10,"7,900",3,1991,수영로101번길
 충청북도 청주시 상당구 영운동,179-11,미림,49.99,11~20,"8,000",3,1991,수영로101번길
 충청북도 청주시 상당구 영운동,81-1,청주,54.18,1~10,"7,000",2,1985,영운천로
 충청북도 청주시 상당구 영운동,81-1,청주,60.12,1~10,"7,800",4,1985,영운천로
 충청북도 청주시 상당구 영운동,73-5,태암수정,42.24,1~10,"6,100",7,1995,영운천로51번길
 충청북도 청주시 상당구 영운동,33-1,한진신세대,43.24,1~10,"6,100",11,1996,영운천로119번길
 충청북도 청주시 상당구 영운동,33-1,한진신세대,43.24,21~30,"6,800",4,1996,영운천로119번길
 충청북도 청주시 상당구 용담동,425,가좌마을부영,59.99,1~10,"18,000",8,2003,호미로
 충청북도 청주시 상당구 용담동,425,가좌마을부영,59.99,1~10,"16,700",10,2003,호미로
 충청북도 청주시 상당구 용담동,425,가좌마을부영,59.99,11~20,"16,600",8,2003,호미로
 충청북도 청주시 상당구 용담동,425,가좌마을부영,59.99,11~20,"16,950",7,2003,호미로
 충청북도 청주시 상당구 용담동,425,가좌마을부영,59.99,21~30,"17,000",12,2003,호미로
 충청북도 청주시 상당구 용담동,425,가좌마을부영,59.99,21~30,"16,800",14,2003,호미로
 충청북도 청주시 상당구 용담동,418,가좌마을부영(418),84.99,11~20,"19,700",1,2004,산성로116번길
 충청북도 청주시 상당구 용담동,436,가좌마을용담이-편한세상,139.23,21~30,"35,000",4,2004,호미로
 충청북도 청주시 상당구 용담동,423,부영E그린,84.99,1~10,"22,500",2,2003,호미로
 충청북도 청주시 상당구 용담동,423,부영E그린,84.99,11~20,"20,500",1,2003,호미로
 충청북도 청주시 상당구 용담동,423,부영E그린,84.99,21~30,"22,600",10,2003,호미로
 충청북도 청주시 상당구 용담동,421,세영첼시빌,84.99,11~20,"30,800",10,2005,수영로
 충청북도 청주시 상당구 용담동,421,세영첼시빌,84.99,21~30,"26,250",1,2005,수영로
 충청북도 청주시 상당구 용담동,190-1,홍은모드니,41.54,1~10,"5,300",1,2009,용담로105번길
 충청북도 청주시 상당구 용암동,2915,강변뜨란채,51.99,1~10,"13,200",4,2005,무심동로
 충청북도 청주시 상당구 용암동,2915,강변뜨란채,59.88,11~20,"17,500",6,2005,무심동로
 충청북도 청주시 상당구 용암동,2915,강변뜨란채,59.88,21~30,"16,700",4,2005,무심동로
 충청북도 청주시 상당구 용암동,2915,강변뜨란채,84.78,21~30,"22,200",14,2005,무심동로
 충청북도 청주시 상당구 용암동,2915,강변뜨란채,108.77,11~20,"26,200",11,2005,무심동로
 충청북도 청주시 상당구 용암동,2099,건영,84.93,11~20,"21,300",5,1999,중흥로
 충청북도 청주시 상당구 용암동,2099,건영,84.93,11~20,"21,500",10,1999,중흥로
 충청북도 청주시 상당구 용암동,2099,건영,84.93,21~30,"22,000",14,1999,중흥로
 충청북도 청주시 상당구 용암동,2085,덕성그린타운,49.98,1~10,"10,500",14,1995,용암로
 충청북도 청주시 상당구 용암동,2085,덕성그린타운,49.98,21~30,"10,100",2,1995,용암로
 충청북도 청주시 상당구 용암동,2085,덕성그린타운,59.58,11~20,"11,500",1,1995,용암로
 충청북도 청주시 상당구 용암동,2085,덕성그린타운,59.58,11~20,"13,700",9,1995,용암로
 충청북도 청주시 상당구 용암동,2085,덕성그린타운,59.76,11~20,"12,800",10,1995,용암로
 충청북도 청주시 상당구 용암동,2085,덕성그린타운,59.76,21~30,"10,400",1,1995,용암로
 충청북도 청주시 상당구 용암동,2537,덕일마이빌,59.32,11~20,"15,000",11,2003,중흥로
 충청북도 청주시 상당구 용암동,2537,덕일마이빌,59.9,1~10,"15,300",2,2003,중흥로
 충청북도 청주시 상당구 용암동,2537,덕일마이빌,59.9,11~20,"12,500",1,2003,중흥로
 충청북도 청주시 상당구 용암동,2060,부영,50.49,1~10,"9,700",10,1996,월평로
 충청북도 청주시 상당구 용암동,2060,부영,50.49,1~10,"9,300",9,1996,월평로
 충청북도 청주시 상당구 용암동,2060,부영,50.49,21~30,"9,300",7,1996,월평로
 충청북도 청주시 상당구 용암동,2060,부영,60,1~10,"11,000",8,1996,월평로
 충청북도 청주시 상당구 용암동,2540,부영E그린,84.86,1~10,"25,000",13,2005,중흥로
 충청북도 청주시 상당구 용암동,2540,부영E그린,84.86,1~10,"25,800",6,2005,중흥로
 충청북도 청주시 상당구 용암동,2083,삼일무지개,59.94,21~30,"12,000",4,1994,무농정로
 충청북도 청주시 상당구 용암동,2064,세원한아름,41.85,1~10,"8,100",6,1994,무농정로
 충청북도 청주시 상당구 용암동,2064,세원한아름,41.85,21~30,"8,000",11,1994,무농정로
 충청북도 청주시 상당구 용암동,2064,세원한아름,59.76,21~30,"13,500",1,1994,무농정로
 충청북도 청주시 상당구 용암동,2082,소라,59.43,21~30,"12,000",10,1994,원봉로
 충청북도 청주시 상당구 용암동,2108,주공1,49.8,1~10,"9,600",6,1994,원봉로
 충청북도 청주시 상당구 용암동,2108,주공1,49.8,11~20,"9,650",5,1994,원봉로
 충청북도 청주시 상당구 용암동,2108,주공1,49.8,21~30,"8,700",9,1994,원봉로
 충청북도 청주시 상당구 용암동,2108,주공1,49.8,21~30,"8,600",4,1994,원봉로
 충청북도 청주시 상당구 용암동,2444,중흥마을부영,84.95,1~10,"19,700",6,2001,중흥로
 충청북도 청주시 상당구 용암동,2444,중흥마을부영,84.95,21~30,"19,000",7,2001,중흥로
 충청북도 청주시 상당구 용암동,2433,중흥마을부영(2433),84.95,11~20,"19,900",6,2001,중흥로
 충청북도 청주시 상당구 용암동,2433,중흥마을부영(2433),84.95,11~20,"21,000",9,2001,중흥로
 충청북도 청주시 상당구 용암동,2433,중흥마을부영(2433),84.95,21~30,"21,600",10,2001,중흥로
 충청북도 청주시 상당구 용암동,2542,중흥마을부영(2542-0),59.99,11~20,"16,000",13,2003,중흥로
 충청북도 청주시 상당구 용암동,2105,진흥한우리,84.41,21~30,"18,500",6,1995,용암로
 충청북도 청주시 상당구 용암동,2076,태산그린,59.76,1~10,"12,800",15,1995,원봉로
 충청북도 청주시 상당구 용암동,2089,현대,84.87,1~10,"18,000",3,1995,용암로
 충청북도 청주시 상당구 용암동,2089,현대,84.87,1~10,"18,500",1,1995,용암로
 충청북도 청주시 상당구 용암동,2089,현대,84.87,11~20,"19,500",6,1995,용암로
 충청북도 청주시 상당구 용암동,2104,현대2,84.23,1~10,"17,900",4,1994,원봉로
 충청북도 청주시 상당구 용암동,2104,현대2,84.23,11~20,"18,000",11,1994,원봉로
 충청북도 청주시 상당구 용암동,2096,현대3,99.95,11~20,"24,500",15,1995,중흥로
 충청북도 청주시 상당구 용암동,2096,현대3,133.89,1~10,"27,300",7,1995,중흥로
 충청북도 청주시 상당구 용암동,2088,형석,84.78,11~20,"17,500",14,1994,월평로
 충청북도 청주시 상당구 용암동,2086,효성,59.22,1~10,"12,800",3,1994,월평로
 충청북도 청주시 상당구 용암동,2086,효성,59.22,1~10,"12,900",9,1994,월평로
 충청북도 청주시 상당구 용정동,1116,청주용정 한라비발디,84.46,1~10,"31,900",23,2013,용정로
 충청북도 청주시 상당구 용정동,1116,청주용정 한라비발디,84.92,1~10,"30,000",14,2013,용정로
 충청북도 청주시 상당구 용정동,1116,청주용정 한라비발디,84.92,1~10,"30,250",25,2013,용정로
 충청북도 청주시 상당구 용정동,1116,청주용정 한라비발디,84.92,11~20,"29,200",5,2013,용정로
 충청북도 청주시 상당구 용정동,1116,청주용정 한라비발디,84.92,21~30,"31,500",13,2013,용정로
 충청북도 청주시 상당구 용정동,1116,청주용정 한라비발디,84.92,21~30,"30,500",12,2013,용정로
 충청북도 청주시 상당구 용정동,1116,청주용정 한라비발디,84.96,1~10,"31,250",11,2013,용정로
 충청북도 청주시 상당구 용정동,1116,청주용정 한라비발디,84.96,1~10,"30,800",9,2013,용정로
 충청북도 청주시 상당구 용정동,1116,청주용정 한라비발디,101.94,1~10,"36,800",16,2013,용정로
 충청북도 청주시 상당구 용정동,1116,청주용정 한라비발디,134.31,1~10,"52,000",22,2013,용정로
 충청북도 청주시 상당구 용정동,343-19,하은베스트빌,84.95,1~10,"17,000",11,2003,영운천로127번길
 충청북도 청주시 상당구 탑동,6-3,무궁화,40.32,1~10,"4,500",3,1985,용담로63번길
 충청북도 청주시 상당구 탑동,51,삼덕,42.59,11~20,"7,800",2,1997,산성로101번길
 충청북도 청주시 상당구 탑동,83,삼일,83.73,1~10,"11,500",4,1988,산성로49번길
 충청북도 청주시 상당구 탑동,83,삼일,83.82,11~20,"12,900",1,1988,산성로49번길
 충청북도 청주시 상당구 탑동,344,엘에이치청주탑동,84.84,11~20,"27,800",7,2014,산성로55번길
 충청북도 청주시 상당구 탑동,344,엘에이치청주탑동,84.9,1~10,"27,150",13,2014,산성로55번길
 충청북도 청주시 상당구 탑동,44,현대,71.18,21~30,"15,200",9,1991,탑동로
 충청북도 청주시 상당구 탑동,44,현대,84.95,1~10,"17,500",1,1991,탑동로
 충청북도 청주시 서원구 개신동,590,그린빌,75.99,11~20,"21,500",13,2003,신율로
 충청북도 청주시 서원구 개신동,590,그린빌,75.99,11~20,"20,500",15,2003,신율로
 충청북도 청주시 서원구 개신동,590,그린빌,75.99,21~30,"21,600",13,2003,신율로
 충청북도 청주시 서원구 개신동,590,그린빌,84.8,11~20,"23,900",1,2003,신율로
 충청북도 청주시 서원구 개신동,443,두진백로,84.27,1~10,"13,400",2,1993,모충로
 충청북도 청주시 서원구 개신동,443,두진백로,84.27,21~30,"15,100",5,1993,모충로
 충청북도 청주시 서원구 개신동,706,라임스토리2,38.81,21~30,"13,400",2,2014,복대로17번길
 충청북도 청주시 서원구 개신동,10,삼익1,84.96,1~10,"17,800",14,1991,예체로7번길
 충청북도 청주시 서원구 개신동,10,삼익1,84.96,11~20,"16,400",9,1991,예체로7번길
 충청북도 청주시 서원구 개신동,10,삼익1,84.96,11~20,"16,500",6,1991,예체로7번길
 충청북도 청주시 서원구 개신동,10,삼익1,84.96,21~30,"17,550",6,1991,예체로7번길
 충청북도 청주시 서원구 개신동,10,삼익1,84.96,21~30,"15,500",14,1991,예체로7번길
 충청북도 청주시 서원구 개신동,10,삼익1,128.16,1~10,"24,000",10,1991,예체로7번길
 충청북도 청주시 서원구 개신동,11,삼익2,84.96,11~20,"16,000",1,1993,창직로12번길
 충청북도 청주시 서원구 개신동,11,삼익2,84.96,21~30,"17,000",7,1993,창직로12번길
 충청북도 청주시 서원구 개신동,11,삼익2,84.96,21~30,"17,950",4,1993,창직로12번길
 충청북도 청주시 서원구 개신동,446-2,송학삼익맨숀,84.93,11~20,"13,500",4,1992,모충로12번길
 충청북도 청주시 서원구 개신동,1-16,우정한가람,25.29,1~10,"3,950",10,1997,예체로1번길
 충청북도 청주시 서원구 개신동,1-16,우정한가람,25.29,11~20,"3,400",8,1997,예체로1번길
 충청북도 청주시 서원구 개신동,1-16,우정한가람,25.29,11~20,"3,800",4,1997,예체로1번길
 충청북도 청주시 서원구 개신동,1-16,우정한가람,25.29,11~20,"3,900",7,1997,예체로1번길
 충청북도 청주시 서원구 개신동,635,주공뜨란채,59.42,1~10,"17,650",20,2000,경신로
 충청북도 청주시 서원구 개신동,635,주공뜨란채,59.42,11~20,"16,200",5,2000,경신로
 충청북도 청주시 서원구 개신동,635,주공뜨란채,59.42,11~20,"16,000",11,2000,경신로
 충청북도 청주시 서원구 개신동,635,주공뜨란채,59.42,11~20,"16,000",15,2000,경신로
 충청북도 청주시 서원구 개신동,635,주공뜨란채,59.42,11~20,"17,500",7,2000,경신로
 충청북도 청주시 서원구 개신동,506,청주,38.52,21~30,"7,500",2,1990,신율로
 충청북도 청주시 서원구 개신동,634,청주개신푸르지오,84.78,1~10,"26,700",16,2004,신율로
 충청북도 청주시 서원구 개신동,634,청주개신푸르지오,84.78,11~20,"26,000",19,2004,신율로
 충청북도 청주시 서원구 개신동,634,청주개신푸르지오,84.78,21~30,"26,800",11,2004,신율로
 충청북도 청주시 서원구 개신동,634,청주개신푸르지오,100.45,21~30,"32,300",10,2004,신율로
 충청북도 청주시 서원구 개신동,447-36,한사랑,26,11~20,"3,300",9,1995,모충로12번길
 충청북도 청주시 서원구 개신동,447-36,한사랑,26,11~20,"4,100",3,1995,모충로12번길
 충청북도 청주시 서원구 개신동,41-5,한진,32,1~10,"5,950",3,1996,모충로3번길
 충청북도 청주시 서원구 개신동,41-5,한진,32,11~20,"6,050",7,1996,모충로3번길
 충청북도 청주시 서원구 개신동,41-5,한진,32,11~20,"6,000",12,1996,모충로3번길
 충청북도 청주시 서원구 개신동,41-5,한진,32,11~20,"6,000",3,1996,모충로3번길
 충청북도 청주시 서원구 개신동,41-5,한진,32,21~30,"6,000",14,1996,모충로3번길
 충청북도 청주시 서원구 개신동,278-10,현대,71.18,1~10,"14,500",3,1990,성봉로220번길
 충청북도 청주시 서원구 개신동,278-10,현대,125.34,21~30,"20,000",10,1990,성봉로220번길
 충청북도 청주시 서원구 개신동,613,휴먼시아,49.83,11~20,"12,400",5,2001,경신로
 충청북도 청주시 서원구 개신동,613,휴먼시아,49.83,11~20,"13,300",11,2001,경신로
 충청북도 청주시 서원구 개신동,613,휴먼시아,49.93,11~20,"12,700",7,2001,경신로
 충청북도 청주시 서원구 개신동,613,휴먼시아,59.9,1~10,"14,600",2,2001,경신로
 충청북도 청주시 서원구 개신동,613,휴먼시아,59.9,11~20,"15,000",3,2001,경신로
 충청북도 청주시 서원구 개신동,613,휴먼시아,59.94,21~30,"16,000",15,2001,경신로
 충청북도 청주시 서원구 남이면 척북리,74-7,삼포,30.32,1~10,"4,600",9,2000,저산척북로
 충청북도 청주시 서원구 남이면 척북리,74-7,삼포,36.62,1~10,"4,600",8,2000,저산척북로
 충청북도 청주시 서원구 남이면 척북리,74-7,삼포,55.86,21~30,"7,200",10,2000,저산척북로
 충청북도 청주시 서원구 남이면 척북리,74-7,삼포,59.86,1~10,"8,100",3,2000,저산척북로
 충청북도 청주시 서원구 남이면 척북리,74-7,삼포,59.86,1~10,"8,100",2,2000,저산척북로
 충청북도 청주시 서원구 남이면 척북리,74-7,삼포,59.86,1~10,"8,100",2,2000,저산척북로
 충청북도 청주시 서원구 남이면 척북리,74-7,삼포,59.86,1~10,"7,900",4,2000,저산척북로
 충청북도 청주시 서원구 남이면 척북리,74-7,삼포,59.86,1~10,"7,900",10,2000,저산척북로
 충청북도 청주시 서원구 남이면 척북리,74-7,삼포,59.86,11~20,"6,300",9,2000,저산척북로
 충청북도 청주시 서원구 남이면 척북리,74-7,삼포,59.86,21~30,"7,300",5,2000,저산척북로
 충청북도 청주시 서원구 남이면 척북리,74-7,삼포,59.86,21~30,"8,100",3,2000,저산척북로
 충청북도 청주시 서원구 모충동,487-35,그린맨션,80.01,11~20,"8,300",4,1987,모충로96번길
 충청북도 청주시 서원구 모충동,492,금호타운,73.13,11~20,"16,000",6,1995,쌍샘로107번길
 충청북도 청주시 서원구 모충동,473,두산한솔,60,1~10,"12,700",12,1994,모충로124번길
 충청북도 청주시 서원구 모충동,473,두산한솔,60,11~20,"14,650",9,1994,모충로124번길
 충청북도 청주시 서원구 모충동,439-2,보영,39.22,21~30,"4,500",1,1991,창직로96번길
 충청북도 청주시 서원구 모충동,452,주공1,47.25,11~20,"8,000",4,1985,쌍샘로
 충청북도 청주시 서원구 모충동,516,주공2,39.3,11~20,"7,800",1,1989,모충로
 충청북도 청주시 서원구 모충동,516,주공2,59.12,11~20,"12,650",1,1989,모충로
 충청북도 청주시 서원구 모충동,490-5,포스필 ,59.95,21~30,"17,422",10,2015,쌍샘로107번길
 충청북도 청주시 서원구 모충동,490-5,포스필 ,59.95,21~30,"17,422",6,2015,쌍샘로107번길
 충청북도 청주시 서원구 모충동,490-5,포스필 ,59.95,21~30,"17,422",5,2015,쌍샘로107번길
 충청북도 청주시 서원구 모충동,249-19,형석오피스,21.96,11~20,"4,300",2,1991,남들로25번길
 충청북도 청주시 서원구 모충동,249-19,형석오피스,21.96,11~20,"4,300",3,1991,남들로25번길
 충청북도 청주시 서원구 모충동,249-19,형석오피스,21.96,11~20,"4,300",2,1991,남들로25번길
 충청북도 청주시 서원구 모충동,249-19,형석오피스,21.96,11~20,"4,300",2,1991,남들로25번길
 충청북도 청주시 서원구 모충동,249-19,형석오피스,21.96,11~20,"4,300",4,1991,남들로25번길
 충청북도 청주시 서원구 모충동,249-19,형석오피스,21.96,11~20,"4,300",5,1991,남들로25번길
 충청북도 청주시 서원구 모충동,249-19,형석오피스,21.96,11~20,"4,300",4,1991,남들로25번길
 충청북도 청주시 서원구 모충동,249-19,형석오피스,21.96,11~20,"4,300",5,1991,남들로25번길
 충청북도 청주시 서원구 모충동,249-19,형석오피스,21.96,11~20,"4,300",3,1991,남들로25번길
 충청북도 청주시 서원구 모충동,249-19,형석오피스,21.96,11~20,"4,300",3,1991,남들로25번길
 충청북도 청주시 서원구 모충동,249-19,형석오피스,21.96,11~20,"4,300",2,1991,남들로25번길
 충청북도 청주시 서원구 모충동,249-19,형석오피스,21.96,11~20,"4,300",2,1991,남들로25번길
 충청북도 청주시 서원구 모충동,249-19,형석오피스,21.96,11~20,"4,300",5,1991,남들로25번길
 충청북도 청주시 서원구 모충동,249-19,형석오피스,21.96,11~20,"4,300",5,1991,남들로25번길
 충청북도 청주시 서원구 모충동,249-19,형석오피스,21.96,11~20,"4,300",2,1991,남들로25번길
 충청북도 청주시 서원구 모충동,249-19,형석오피스,21.96,11~20,"4,300",5,1991,남들로25번길
 충청북도 청주시 서원구 모충동,249-19,형석오피스,21.96,11~20,"4,300",2,1991,남들로25번길
 충청북도 청주시 서원구 모충동,249-19,형석오피스,21.96,11~20,"4,300",5,1991,남들로25번길
 충청북도 청주시 서원구 모충동,249-19,형석오피스,21.96,11~20,"4,300",6,1991,남들로25번길
 충청북도 청주시 서원구 모충동,249-19,형석오피스,21.96,11~20,"4,300",6,1991,남들로25번길
 충청북도 청주시 서원구 모충동,249-19,형석오피스,21.96,11~20,"4,300",4,1991,남들로25번길
 충청북도 청주시 서원구 모충동,249-19,형석오피스,21.96,11~20,"4,300",4,1991,남들로25번길
 충청북도 청주시 서원구 모충동,249-19,형석오피스,21.96,11~20,"4,300",6,1991,남들로25번길
 충청북도 청주시 서원구 모충동,249-19,형석오피스,21.96,11~20,"4,300",4,1991,남들로25번길
 충청북도 청주시 서원구 모충동,249-19,형석오피스,21.96,11~20,"4,300",4,1991,남들로25번길
 충청북도 청주시 서원구 모충동,249-19,형석오피스,21.96,11~20,"4,300",4,1991,남들로25번길
 충청북도 청주시 서원구 모충동,249-19,형석오피스,21.96,11~20,"4,300",3,1991,남들로25번길
 충청북도 청주시 서원구 모충동,249-19,형석오피스,21.96,11~20,"4,300",3,1991,남들로25번길
 충청북도 청주시 서원구 모충동,249-19,형석오피스,21.96,11~20,"4,300",3,1991,남들로25번길
 충청북도 청주시 서원구 모충동,249-19,형석오피스,21.96,11~20,"4,300",6,1991,남들로25번길
 충청북도 청주시 서원구 모충동,249-19,형석오피스,21.96,11~20,"4,300",5,1991,남들로25번길
 충청북도 청주시 서원구 모충동,249-19,형석오피스,21.96,11~20,"4,300",3,1991,남들로25번길
 충청북도 청주시 서원구 모충동,249-19,형석오피스,21.96,11~20,"4,300",6,1991,남들로25번길
 충청북도 청주시 서원구 모충동,249-19,형석오피스,21.96,11~20,"4,300",6,1991,남들로25번길
 충청북도 청주시 서원구 모충동,249-19,형석오피스,21.96,11~20,"4,300",3,1991,남들로25번길
 충청북도 청주시 서원구 모충동,249-19,형석오피스,21.96,11~20,"4,300",3,1991,남들로25번길
 충청북도 청주시 서원구 모충동,249-19,형석오피스,21.96,11~20,"4,300",4,1991,남들로25번길
 충청북도 청주시 서원구 모충동,249-19,형석오피스,21.96,11~20,"4,300",2,1991,남들로25번길
 충청북도 청주시 서원구 모충동,249-19,형석오피스,21.96,11~20,"4,300",5,1991,남들로25번길
 충청북도 청주시 서원구 모충동,249-19,형석오피스,21.96,11~20,"4,300",6,1991,남들로25번길
 충청북도 청주시 서원구 모충동,249-19,형석오피스,21.96,11~20,"4,300",6,1991,남들로25번길
 충청북도 청주시 서원구 모충동,249-19,형석오피스,21.96,11~20,"4,300",3,1991,남들로25번길
 충청북도 청주시 서원구 모충동,249-19,형석오피스,21.96,11~20,"4,300",4,1991,남들로25번길
 충청북도 청주시 서원구 모충동,249-19,형석오피스,21.96,11~20,"4,300",5,1991,남들로25번길
 충청북도 청주시 서원구 모충동,249-19,형석오피스,21.96,11~20,"4,300",5,1991,남들로25번길
 충청북도 청주시 서원구 모충동,249-19,형석오피스,21.96,11~20,"4,300",4,1991,남들로25번길
 충청북도 청주시 서원구 모충동,249-19,형석오피스,21.96,11~20,"4,300",3,1991,남들로25번길
 충청북도 청주시 서원구 모충동,249-19,형석오피스,21.96,11~20,"4,300",6,1991,남들로25번길
 충청북도 청주시 서원구 모충동,249-19,형석오피스,21.96,11~20,"4,300",5,1991,남들로25번길
 충청북도 청주시 서원구 모충동,249-19,형석오피스,21.96,11~20,"4,300",2,1991,남들로25번길
 충청북도 청주시 서원구 모충동,249-19,형석오피스,21.96,11~20,"4,300",2,1991,남들로25번길
 충청북도 청주시 서원구 모충동,249-19,형석오피스,21.96,11~20,"4,300",6,1991,남들로25번길
 충청북도 청주시 서원구 모충동,249-19,형석오피스,21.96,11~20,"4,300",6,1991,남들로25번길
 충청북도 청주시 서원구 모충동,249-19,형석오피스,21.96,11~20,"4,300",2,1991,남들로25번길
 충청북도 청주시 서원구 모충동,249-19,형석오피스,21.96,11~20,"4,300",3,1991,남들로25번길
 충청북도 청주시 서원구 모충동,249-19,형석오피스,21.96,11~20,"4,300",4,1991,남들로25번길
 충청북도 청주시 서원구 모충동,249-19,형석오피스,21.96,11~20,"4,300",6,1991,남들로25번길
 충청북도 청주시 서원구 모충동,249-19,형석오피스,21.96,21~30,"4,300",5,1991,남들로25번길
 충청북도 청주시 서원구 모충동,249-19,형석오피스,21.96,21~30,"4,300",4,1991,남들로25번길
 충청북도 청주시 서원구 모충동,249-19,형석오피스,21.96,21~30,"4,300",2,1991,남들로25번길
 충청북도 청주시 서원구 분평동,1255,"대원,주은프레지던트 아파트",84.82,21~30,"22,800",1,2001,1순환로1137번길
 충청북도 청주시 서원구 분평동,1255,"대원,주은프레지던트 아파트",116.7,21~30,"30,500",6,2001,1순환로1137번길
 충청북도 청주시 서원구 분평동,1211,분평1단지뜨란채,49.27,11~20,"12,500",12,2000,월평로
 충청북도 청주시 서원구 분평동,1211,분평1단지뜨란채,49.27,11~20,"11,300",1,2000,월평로
 충청북도 청주시 서원구 분평동,1211,분평1단지뜨란채,49.36,21~30,"10,800",1,2000,월평로
 충청북도 청주시 서원구 분평동,1211,분평1단지뜨란채,59.45,11~20,"15,500",4,2000,월평로
 충청북도 청주시 서원구 분평동,262,분평계룡리슈빌2단지,140.53,1~10,"37,200",9,2008,매봉로
 충청북도 청주시 서원구 분평동,1202,분평주공2,49.77,21~30,"10,500",13,1997,1순환로1137번길
 충청북도 청주시 서원구 분평동,1202,분평주공2,59.99,21~30,"13,500",19,1997,1순환로1137번길
 충청북도 청주시 서원구 분평동,1200,분평주공3,59.71,1~10,"11,900",2,1997,1순환로1137번길
 충청북도 청주시 서원구 분평동,1200,분평주공3,59.71,1~10,"13,800",3,1997,1순환로1137번길
 충청북도 청주시 서원구 분평동,1200,분평주공3,59.71,1~10,"14,700",5,1997,1순환로1137번길
 충청북도 청주시 서원구 분평동,1200,분평주공3,59.71,11~20,"13,000",2,1997,1순환로1137번길
 충청북도 청주시 서원구 분평동,1200,분평주공3,59.71,21~30,"12,500",7,1997,1순환로1137번길
 충청북도 청주시 서원구 분평동,1261,분평주공4,59.99,11~20,"16,500",16,1999,1순환로1137번길
 충청북도 청주시 서원구 분평동,1261,분평주공4,59.99,11~20,"16,300",7,1999,1순환로1137번길
 충청북도 청주시 서원구 분평동,1261,분평주공4,59.99,11~20,"12,000",3,1999,1순환로1137번길
 충청북도 청주시 서원구 분평동,1261,분평주공4,59.99,11~20,"15,100",16,1999,1순환로1137번길
 충청북도 청주시 서원구 분평동,1261,분평주공4,59.99,21~30,"16,200",13,1999,1순환로1137번길
 충청북도 청주시 서원구 분평동,1360,분평주공5단지아파트,39.69,11~20,"8,500",13,1998,분평로
 충청북도 청주시 서원구 분평동,1360,분평주공5단지아파트,39.69,11~20,"8,400",7,1998,분평로
 충청북도 청주시 서원구 분평동,1360,분평주공5단지아파트,49.77,1~10,"10,470",3,1998,분평로
 충청북도 청주시 서원구 분평동,1360,분평주공5단지아파트,49.77,21~30,"11,000",7,1998,분평로
 충청북도 청주시 서원구 분평동,1360,분평주공5단지아파트,59.71,1~10,"12,250",2,1998,분평로
 충청북도 청주시 서원구 분평동,1360,분평주공5단지아파트,59.71,1~10,"14,800",6,1998,분평로
 충청북도 청주시 서원구 분평동,1366,분평주공6,84.34,1~10,"23,300",14,1999,1순환로1137번길
 충청북도 청주시 서원구 분평동,1366,분평주공6,84.34,1~10,"22,100",13,1999,1순환로1137번길
 충청북도 청주시 서원구 분평동,1366,분평주공6,84.34,1~10,"22,500",5,1999,1순환로1137번길
 충청북도 청주시 서원구 분평동,1386,분평주공7,84.9,1~10,"21,150",12,1997,분평로
 충청북도 청주시 서원구 분평동,1386,분평주공7,84.9,21~30,"18,300",5,1997,분평로
 충청북도 청주시 서원구 분평동,320,우성1,84.95,11~20,"16,200",11,1990,1순환로1013번길
 충청북도 청주시 서원구 분평동,320,우성1,84.95,11~20,"16,000",14,1990,1순환로1013번길
 충청북도 청주시 서원구 분평동,1200,주공3단지2차,49.77,1~10,"11,100",14,1997,1순환로1137번길
 충청북도 청주시 서원구 분평동,1200,주공3단지2차,49.77,21~30,"11,500",15,1997,1순환로1137번길
 충청북도 청주시 서원구 분평동,1261,주공4단지2차,39.69,1~10,"10,250",8,1998,1순환로1137번길
 충청북도 청주시 서원구 분평동,1249,현대대우,84.95,11~20,"24,000",13,1999,월평로
 충청북도 청주시 서원구 분평동,1249,현대대우,84.95,21~30,"24,200",18,1999,월평로
 충청북도 청주시 서원구 분평동,1249,현대대우,99.33,1~10,"29,000",13,1999,월평로
 충청북도 청주시 서원구 사직동,358-5,덕희,22.2,1~10,"2,900",10,1994,남사로
 충청북도 청주시 서원구 사직동,358-5,덕희,22.2,11~20,"2,750",9,1994,남사로
 충청북도 청주시 서원구 사직동,358-5,덕희,22.2,11~20,"2,100",1,1994,남사로
 충청북도 청주시 서원구 사직동,358-5,덕희,22.2,11~20,"2,600",2,1994,남사로
 충청북도 청주시 서원구 사직동,265-7,미호,71.5,1~10,"8,300",4,1979,사운로99번길
 충청북도 청주시 서원구 사직동,265-7,미호,71.5,21~30,"7,600",5,1979,사운로99번길
 충청북도 청주시 서원구 사직동,147-23,쌍용,84.83,1~10,"14,000",1,1989,호국로38번길
 충청북도 청주시 서원구 사직동,147-23,쌍용,84.83,21~30,"13,000",6,1989,호국로38번길
 충청북도 청주시 서원구 사직동,931,푸르지오캐슬(101~117),84.4,11~20,"26,500",20,2010,예체로
 충청북도 청주시 서원구 사직동,931,푸르지오캐슬(101~117),84.4,21~30,"28,200",12,2010,예체로
 충청북도 청주시 서원구 사직동,928,푸르지오캐슬(301~302),59.74,11~20,"22,600",16,2010,창신로12번길
 충청북도 청주시 서원구 사직동,928,푸르지오캐슬(301~302),59.74,21~30,"24,200",12,2010,창신로12번길
 충청북도 청주시 서원구 사직동,928,푸르지오캐슬(301~302),59.74,21~30,"22,900",19,2010,창신로12번길
 충청북도 청주시 서원구 사직동,937,푸르지오캐슬(401~413),84.4,1~10,"28,000",21,2010,창직로
 충청북도 청주시 서원구 사직동,937,푸르지오캐슬(401~413),84.4,1~10,"27,500",21,2010,창직로
 충청북도 청주시 서원구 사직동,937,푸르지오캐슬(401~413),104.04,21~30,"32,000",5,2010,창직로
 충청북도 청주시 서원구 사직동,934,푸르지오캐슬(501~508),104.04,21~30,"28,000",2,2010,예체로
 충청북도 청주시 서원구 사창동,285-3,대원칸타빌,59.96,1~10,"21,840",12,2008,사직대로144번길
 충청북도 청주시 서원구 사창동,285-3,대원칸타빌,59.96,11~20,"21,500",2,2008,사직대로144번길
 충청북도 청주시 서원구 사창동,285-3,대원칸타빌,115.21,11~20,"31,500",17,2008,사직대로144번길
 충청북도 청주시 서원구 사창동,304-1,사창 하트리움 에덴,49.01,1~10,"14,700",13,2014,사직대로
 충청북도 청주시 서원구 사창동,304-1,사창 하트리움 에덴,49.91,11~20,"13,200",13,2014,사직대로
 충청북도 청주시 서원구 사창동,304-1,사창 하트리움 에덴,49.91,21~30,"13,700",8,2014,사직대로
 충청북도 청주시 서원구 사창동,357-31,통경목련,26.37,21~30,"4,000",4,1994,예체로67번길
 충청북도 청주시 서원구 산남동,1102,계룡리슈빌,105.77,1~10,"39,500",14,2007,산남로
 충청북도 청주시 서원구 산남동,1102,계룡리슈빌,105.77,1~10,"38,500",9,2007,산남로
 충청북도 청주시 서원구 산남동,678,대원칸타빌1차,85,1~10,"31,000",8,2007,두꺼비로
 충청북도 청주시 서원구 산남동,1094,부영사랑으로,59.94,11~20,"21,300",13,2007,원흥로
 충청북도 청주시 서원구 산남동,1094,부영사랑으로,59.94,11~20,"19,600",6,2007,원흥로
 충청북도 청주시 서원구 산남동,1094,부영사랑으로,59.94,21~30,"17,900",1,2007,원흥로
 충청북도 청주시 서원구 산남동,1094,부영사랑으로,59.94,21~30,"17,950",1,2007,원흥로
 충청북도 청주시 서원구 산남동,1094,부영사랑으로,59.94,21~30,"19,400",8,2007,원흥로
 충청북도 청주시 서원구 산남동,671,산남퀸덤아파트,84.93,21~30,"25,800",4,2007,두꺼비로
 충청북도 청주시 서원구 산남동,669,유승한내들,59.89,1~10,"20,600",4,2007,두꺼비로
 충청북도 청주시 서원구 산남동,669,유승한내들,59.89,11~20,"20,000",3,2007,두꺼비로
 충청북도 청주시 서원구 산남동,669,유승한내들,59.89,11~20,"20,800",15,2007,두꺼비로
 충청북도 청주시 서원구 산남동,669,유승한내들,59.89,21~30,"19,300",3,2007,두꺼비로
 충청북도 청주시 서원구 산남동,669,유승한내들,59.89,21~30,"21,900",15,2007,두꺼비로
 충청북도 청주시 서원구 산남동,669,유승한내들,59.89,21~30,"18,900",3,2007,두꺼비로
 충청북도 청주시 서원구 성화동,436,남양휴튼,102.48,21~30,"34,000",10,2008,장전로
 충청북도 청주시 서원구 성화동,436,남양휴튼,119.26,11~20,"38,500",17,2008,장전로
 충청북도 청주시 서원구 성화동,436,남양휴튼,119.77,21~30,"34,800",5,2008,장전로
 충청북도 청주시 서원구 성화동,436,남양휴튼,130.59,1~10,"43,300",17,2008,장전로
 충청북도 청주시 서원구 성화동,939,성화호반베르디움,84.86,11~20,"29,800",20,2012,구룡산로
 충청북도 청주시 서원구 성화동,939,성화호반베르디움,84.95,11~20,"32,000",16,2012,구룡산로
 충청북도 청주시 서원구 성화동,939,성화호반베르디움,84.95,21~30,"33,500",5,2012,구룡산로
 충청북도 청주시 서원구 성화동,1034,청주성화2 다안채6단지,84.96,11~20,"27,400",13,2013,구룡산로52번길
 충청북도 청주시 서원구 성화동,616,휴먼시아,84.73,11~20,"25,500",7,2009,신성화로
 충청북도 청주시 서원구 수곡동,1002,두진백로,59.4,21~30,"10,000",14,1995,수곡로
 충청북도 청주시 서원구 수곡동,1002,두진백로,59.76,1~10,"12,950",1,1995,수곡로
 충청북도 청주시 서원구 수곡동,1002,두진백로,59.76,11~20,"15,000",11,1995,수곡로
 충청북도 청주시 서원구 수곡동,1002,두진백로,59.85,1~10,"14,200",10,1995,수곡로
 충청북도 청주시 서원구 수곡동,1002,두진백로,59.85,21~30,"12,400",3,1995,수곡로
 충청북도 청주시 서원구 수곡동,314,산남주공4단지 아파트,38.64,1~10,"7,400",11,1993,구룡산로
 충청북도 청주시 서원구 수곡동,314,산남주공4단지 아파트,38.64,11~20,"7,200",14,1993,구룡산로
 충청북도 청주시 서원구 수곡동,314,산남주공4단지 아파트,41.3,1~10,"8,300",11,1993,구룡산로
 충청북도 청주시 서원구 수곡동,314,산남주공4단지 아파트,49.94,1~10,"10,300",8,1993,구룡산로
 충청북도 청주시 서원구 수곡동,314,산남주공4단지 아파트,49.94,1~10,"9,500",15,1993,구룡산로
 충청북도 청주시 서원구 수곡동,314,산남주공4단지 아파트,49.94,11~20,"9,950",2,1993,구룡산로
 충청북도 청주시 서원구 수곡동,153-3,삼일맨션,84.97,21~30,"12,700",4,1986,구룡산로337번길
 충청북도 청주시 서원구 수곡동,60-1,세원2,84.97,11~20,"11,000",5,1989,수영로24번길
 충청북도 청주시 서원구 수곡동,1001,세원청실,84.81,1~10,"19,000",11,1995,구룡산로
 충청북도 청주시 서원구 수곡동,1001,세원청실,84.81,21~30,"20,500",10,1995,구룡산로
 충청북도 청주시 서원구 수곡동,1001,세원청실,84.81,21~30,"19,450",15,1995,구룡산로
 충청북도 청주시 서원구 수곡동,776,세원홍실,124.95,11~20,"20,000",4,1996,수곡로
 충청북도 청주시 서원구 수곡동,776,세원홍실,124.95,21~30,"24,851",8,1996,수곡로
 충청북도 청주시 서원구 수곡동,324,주공1,39.3,11~20,"9,500",2,1990,구룡산로
 충청북도 청주시 서원구 수곡동,324,주공1,39.69,1~10,"8,300",3,1990,구룡산로
 충청북도 청주시 서원구 수곡동,324,주공1,46.68,11~20,"10,200",2,1990,구룡산로
 충청북도 청주시 서원구 수곡동,324,주공1,46.68,11~20,"10,000",2,1990,
 충청북도 청주시 서원구 수곡동,337,주공3,49.94,1~10,"9,700",15,1991,매봉로
 충청북도 청주시 서원구 수곡동,777,한마음1,59.94,11~20,"15,250",8,1995,수곡로
 충청북도 청주시 서원구 수곡동,777,한마음1,59.94,21~30,"15,300",13,1995,수곡로
 충청북도 청주시 서원구 수곡동,777,한마음1,59.94,21~30,"13,500",15,1995,수곡로
 충청북도 청주시 서원구 죽림동,295,청주가경3주공,51.74,1~10,"15,000",7,2003,대림로
 충청북도 청주시 서원구 죽림동,295,청주가경3주공,51.74,11~20,"13,700",1,2003,대림로
 충청북도 청주시 서원구 죽림동,295,청주가경3주공,51.74,21~30,"14,930",3,2003,대림로
 충청북도 청주시 서원구 죽림동,295,청주가경3주공,59.92,11~20,"16,100",3,2003,대림로
 충청북도 청주시 청원구 내덕동,60-1,롯데삼성,43.92,11~20,"5,100",5,1986,안덕벌로52번길
 충청북도 청주시 청원구 내덕동,60-1,롯데삼성,43.92,11~20,"5,300",4,1986,안덕벌로52번길
 충청북도 청주시 청원구 내덕동,748-8,보성3,76.23,11~20,"11,900",4,1987,무심동로660번길
 충청북도 청주시 청원구 내덕동,60-17,삼덕,37.22,21~30,"3,700",4,1991,덕벌로23번길
 충청북도 청주시 청원구 내덕동,697-1,삼일,84.98,21~30,"12,100",6,1989,1순환로341번길
 충청북도 청주시 청원구 내덕동,722,시영,45.09,1~10,"7,500",2,1982,1순환로330번길
 충청북도 청주시 청원구 내덕동,722,시영,54.18,1~10,"8,800",2,1982,1순환로330번길
 충청북도 청주시 청원구 내덕동,722,시영,54.18,1~10,"8,300",1,1982,1순환로330번길
 충청북도 청주시 청원구 내덕동,422,신라,84.95,21~30,"14,200",3,1988,충청대로57번길
 충청북도 청주시 청원구 내덕동,141,영우예인촌,30.31,11~20,"3,700",10,1997,안덕벌로69번길
 충청북도 청주시 청원구 내덕동,683-10,우성,65.73,1~10,"8,000",3,1984,향군로141번길
 충청북도 청주시 청원구 내덕동,683-10,우성,65.73,1~10,"8,000",4,1984,향군로141번길
 충청북도 청주시 청원구 내덕동,495,형제,51.99,11~20,"9,700",3,1991,충청대로71번길
 충청북도 청주시 청원구 내수읍 내수리,200-3,삼일,26.63,1~10,"3,250",3,1996,내수로
 충청북도 청주시 청원구 내수읍 내수리,200-3,삼일,59.68,21~30,"7,950",10,1996,내수로
 충청북도 청주시 청원구 내수읍 내수리,200-3,삼일,59.68,21~30,"7,600",7,1996,내수로
 충청북도 청주시 청원구 내수읍 내수리,37,수정로얄,59.42,11~20,"6,500",1,1995,내수본길
 충청북도 청주시 청원구 내수읍 도원리,56,우창진주1,59.96,1~10,"6,500",6,1995,도원세교로
 충청북도 청주시 청원구 내수읍 도원리,56,우창진주1,59.96,21~30,"6,600",8,1995,도원세교로
 충청북도 청주시 청원구 내수읍 도원리,51-3,우창진주2,59.73,11~20,"6,500",11,1997,도원세교로
 충청북도 청주시 청원구 내수읍 도원리,23,우창진주3,59.9,11~20,"6,000",5,1998,도원세교로
 충청북도 청주시 청원구 내수읍 마산리,123,진흥1,59.85,21~30,"3,500",5,1990,마산길
 충청북도 청주시 청원구 내수읍 마산리,123,진흥1,59.85,21~30,"5,000",1,1990,마산길
 충청북도 청주시 청원구 내수읍 은곡리,301,덕일한마음,38.61,11~20,"3,200",4,1997,은곡묵방길
 충청북도 청주시 청원구 내수읍 은곡리,301,덕일한마음,38.61,11~20,"3,400",5,1997,은곡묵방길
 충청북도 청주시 청원구 내수읍 은곡리,301,덕일한마음,38.61,21~30,"3,500",6,1997,은곡묵방길
 충청북도 청주시 청원구 내수읍 은곡리,301,덕일한마음,38.61,21~30,"3,500",6,1997,은곡묵방길
 충청북도 청주시 청원구 내수읍 은곡리,301,덕일한마음,45.27,11~20,"5,200",9,1997,은곡묵방길
 충청북도 청주시 청원구 내수읍 은곡리,302,천일은곡,59.74,21~30,"9,100",3,2000,은곡묵방길
 충청북도 청주시 청원구 사천동,683,남광 하우스토리,124.63,11~20,"30,000",1,2011,율봉로
 충청북도 청주시 청원구 사천동,683,남광 하우스토리,157.39,1~10,"40,500",10,2011,율봉로
 충청북도 청주시 청원구 사천동,683,남광 하우스토리,183.31,11~20,"45,000",17,2011,율봉로
 충청북도 청주시 청원구 사천동,684,남광 하우스토리,84.05,21~30,"26,300",1,2011,율봉로
 충청북도 청주시 청원구 사천동,684,남광 하우스토리,124.63,1~10,"35,850",15,2011,율봉로
 충청북도 청주시 청원구 사천동,684,남광 하우스토리,157.39,11~20,"39,500",9,2011,율봉로
 충청북도 청주시 청원구 사천동,684,남광 하우스토리,157.39,21~30,"38,000",5,2011,율봉로
 충청북도 청주시 청원구 사천동,449-3,덕성그린,33.33,21~30,"4,250",4,1997,새터로
 충청북도 청주시 청원구 사천동,437,동아1,84.78,1~10,"23,000",2,1994,율봉로
 충청북도 청주시 청원구 사천동,437,동아1,84.78,1~10,"16,400",13,1994,율봉로
 충청북도 청주시 청원구 사천동,437,동아1,84.78,11~20,"16,700",11,1994,율봉로
 충청북도 청주시 청원구 사천동,228,동아2,43.4,11~20,"7,800",4,1996,새터로176번길
 충청북도 청주시 청원구 사천동,228,동아2,84.96,1~10,"17,500",3,1996,새터로176번길
 충청북도 청주시 청원구 사천동,231-4,보성(231-4),59.14,11~20,"10,650",4,1988,율봉로56번길
 충청북도 청주시 청원구 사천동,444-1,사천동대창2차101동,49.68,11~20,"9,900",14,2000,새터로
 충청북도 청주시 청원구 사천동,444-1,사천동대창2차101동,59.2,1~10,"13,000",6,2000,새터로
 충청북도 청주시 청원구 사천동,229-1,신동아,72.78,21~30,"15,700",3,1993,율봉로
 충청북도 청주시 청원구 사천동,229-1,신동아,84.81,1~10,"17,000",4,1993,율봉로
 충청북도 청주시 청원구 사천동,229-1,신동아,84.81,1~10,"17,600",5,1993,율봉로
 충청북도 청주시 청원구 사천동,25-123,일신힐-사이드,49.52,21~30,"7,300",2,2003,공항로
 충청북도 청주시 청원구 사천동,25-2,정도드림-빌,29.92,11~20,"6,300",12,1999,공항로
 충청북도 청주시 청원구 오창읍 각리,637-9,대원칸타빌,84.99,1~10,"19,000",3,2006,오창중앙로
 충청북도 청주시 청원구 오창읍 각리,637-9,대원칸타빌,84.99,11~20,"19,500",18,2006,오창중앙로
 충청북도 청주시 청원구 오창읍 각리,647-1,쌍용스윗닷홈오창예가,59.95,11~20,"16,000",11,2006,오창중앙로
 충청북도 청주시 청원구 오창읍 각리,647-1,쌍용스윗닷홈오창예가,121.49,11~20,"23,000",11,2006,오창중앙로
 충청북도 청주시 청원구 오창읍 각리,647-1,쌍용스윗닷홈오창예가,121.49,11~20,"23,500",5,2006,오창중앙로
 충청북도 청주시 청원구 오창읍 각리,647-1,쌍용스윗닷홈오창예가,121.49,21~30,"23,500",10,2006,오창중앙로
 충청북도 청주시 청원구 오창읍 각리,638-1,우림필유1차,59.86,21~30,"16,250",17,2006,과학산업3로
 충청북도 청주시 청원구 오창읍 각리,638-1,우림필유1차,84.94,1~10,"19,400",4,2006,과학산업3로
 충청북도 청주시 청원구 오창읍 각리,638-1,우림필유1차,84.94,11~20,"21,700",12,2006,과학산업3로
 충청북도 청주시 청원구 오창읍 각리,646-1,우림필유2차,59.91,21~30,"16,000",5,2006,오창중앙로
 충청북도 청주시 청원구 오창읍 각리,646-1,우림필유2차,84.97,11~20,"19,500",4,2006,오창중앙로
 충청북도 청주시 청원구 오창읍 각리,646-1,우림필유2차,84.97,11~20,"21,000",12,2006,오창중앙로
 충청북도 청주시 청원구 오창읍 각리,646-1,우림필유2차,84.97,11~20,"20,000",11,2006,오창중앙로
 충청북도 청주시 청원구 오창읍 각리,646-1,우림필유2차,84.97,21~30,"20,000",3,2006,오창중앙로
 충청북도 청주시 청원구 오창읍 각리,646-1,우림필유2차,122.64,1~10,"29,500",6,2006,오창중앙로
 충청북도 청주시 청원구 오창읍 각리,646-1,우림필유2차,122.64,1~10,"30,000",17,2006,오창중앙로
 충청북도 청주시 청원구 오창읍 각리,646-1,우림필유2차,122.64,1~10,"28,800",6,2006,오창중앙로
 충청북도 청주시 청원구 오창읍 각리,646-1,우림필유2차,166.77,1~10,"38,000",17,2006,오창중앙로
 충청북도 청주시 청원구 오창읍 각리,646-6,이안오창,59.44,1~10,"14,800",3,2006,오창중앙로
 충청북도 청주시 청원구 오창읍 각리,646-6,이안오창,84.83,11~20,"17,300",3,2006,오창중앙로
 충청북도 청주시 청원구 오창읍 각리,646-6,이안오창,84.83,11~20,"17,900",13,2006,오창중앙로
 충청북도 청주시 청원구 오창읍 각리,646-6,이안오창,84.83,21~30,"17,550",8,2006,오창중앙로
 충청북도 청주시 청원구 오창읍 각리,646-6,이안오창,84.83,21~30,"18,000",14,2006,오창중앙로
 충청북도 청주시 청원구 오창읍 각리,646-6,이안오창,119.31,21~30,"23,000",1,2006,오창중앙로
 충청북도 청주시 청원구 오창읍 각리,646-6,이안오창,119.31,21~30,"21,800",13,2006,오창중앙로
 충청북도 청주시 청원구 오창읍 각리,646-6,이안오창,119.31,21~30,"21,700",1,2006,오창중앙로
 충청북도 청주시 청원구 오창읍 각리,637-6,중앙하이츠빌,59.93,11~20,"15,200",4,2006,오창중앙로
 충청북도 청주시 청원구 오창읍 각리,637-6,중앙하이츠빌,84.69,1~10,"21,250",3,2006,오창중앙로
 충청북도 청주시 청원구 오창읍 각리,637-6,중앙하이츠빌,84.69,11~20,"23,100",18,2006,오창중앙로
 충청북도 청주시 청원구 오창읍 각리,637-1,한라비발디,59.96,11~20,"15,500",8,2006,오창중앙로
 충청북도 청주시 청원구 오창읍 각리,637-1,한라비발디,59.96,21~30,"17,500",15,2006,오창중앙로
 충청북도 청주시 청원구 오창읍 각리,637-1,한라비발디,84.57,1~10,"19,850",6,2006,오창중앙로
 충청북도 청주시 청원구 오창읍 각리,637-1,한라비발디,84.57,11~20,"20,200",13,2006,오창중앙로
 충청북도 청주시 청원구 오창읍 각리,637-1,한라비발디,84.57,11~20,"20,800",16,2006,오창중앙로
 충청북도 청주시 청원구 오창읍 각리,637-1,한라비발디,84.57,21~30,"21,800",12,2006,오창중앙로
 충청북도 청주시 청원구 오창읍 각리,637-1,한라비발디,84.57,21~30,"21,950",14,2006,오창중앙로
 충청북도 청주시 청원구 오창읍 각리,637-1,한라비발디,108.45,11~20,"20,600",12,2006,오창중앙로
 충청북도 청주시 청원구 오창읍 괴정리,507-1,덕성그린,60,1~10,"8,300",4,1998,괴정길
 충청북도 청주시 청원구 오창읍 복현리,98-2,수정,59.85,1~10,"5,800",1,1991,복현3길
 충청북도 청주시 청원구 오창읍 장대리,330,오창재원,59.97,21~30,"7,800",3,1992,복현3길
 충청북도 청주시 청원구 오창읍 주성리,556,오창 대성베르힐,84.85,11~20,"24,600",15,2015,2산단로
 충청북도 청주시 청원구 오창읍 창리,9-3,경희,80.77,21~30,"6,950",6,1992,공항로
 충청북도 청주시 청원구 오창읍 창리,115,오창금정,59.76,11~20,"9,500",7,1995,창리1길
 충청북도 청주시 청원구 오창읍 창리,115,오창금정,59.94,11~20,"9,600",1,1995,창리1길
 충청북도 청주시 청원구 오창읍 창리,115,오창금정,59.94,21~30,"9,200",8,1995,창리1길
 충청북도 청주시 청원구 오창읍 창리,4-11,진양,57.6,1~10,"6,500",4,1990,팔결로
 충청북도 청주시 청원구 우암동,353-2,덕일한마음,26.13,1~10,"4,800",8,1996,향군로74번길
 충청북도 청주시 청원구 우암동,328-12,우암세원,41.02,1~10,"7,300",6,1999,사북로149번길
 충청북도 청주시 청원구 우암동,328-12,우암세원,41.02,1~10,"6,700",12,1999,사북로149번길
 충청북도 청주시 청원구 우암동,237-13,일진캠퍼스타워,17.53,11~20,"7,410",3,2015,직지대로890번길
 충청북도 청주시 청원구 우암동,372-5,해피라이프,87.88,1~10,"12,964",8,2016,내덕로8번길
 충청북도 청주시 청원구 우암동,372-5,해피라이프,87.88,1~10,"12,964",7,2016,내덕로8번길
 충청북도 청주시 청원구 율량동,1302,대창3,34.79,21~30,"6,750",5,1995,사뜸로52번길
 충청북도 청주시 청원구 율량동,1379,대창4차,49.5,11~20,"10,500",4,1996,사뜸로52번길
 충청북도 청주시 청원구 율량동,1379,대창4차,49.5,11~20,"9,800",3,1996,사뜸로52번길
 충청북도 청주시 청원구 율량동,1871,덕성,84.12,11~20,"16,000",6,1989,공항로
 충청북도 청주시 청원구 율량동,1569,동아,84.92,11~20,"16,600",15,1990,율천북로99번길
 충청북도 청주시 청원구 율량동,861,두진백로그린타운,32.76,1~10,"6,200",10,1996,율봉로201번길
 충청북도 청주시 청원구 율량동,861,두진백로그린타운,32.76,1~10,"6,200",5,1996,율봉로201번길
 충청북도 청주시 청원구 율량동,861,두진백로그린타운,32.76,11~20,"6,050",5,1996,율봉로201번길
 충청북도 청주시 청원구 율량동,861,두진백로그린타운,59.4,21~30,"12,300",10,1996,율봉로201번길
 충청북도 청주시 청원구 율량동,861,두진백로그린타운,84.99,21~30,"22,700",12,1996,율봉로201번길
 충청북도 청주시 청원구 율량동,863,럭키,76.49,1~10,"17,700",3,1991,충청대로
 충청북도 청주시 청원구 율량동,863,럭키,84.99,11~20,"18,000",12,1991,충청대로
 충청북도 청주시 청원구 율량동,863,럭키,84.99,11~20,"18,500",4,1991,충청대로
 충청북도 청주시 청원구 율량동,863,럭키,84.99,11~20,"17,000",8,1991,충청대로
 충청북도 청주시 청원구 율량동,863,럭키,84.99,21~30,"18,500",1,1991,충청대로
 충청북도 청주시 청원구 율량동,744,부강,24.4,1~10,"3,700",7,1993,율봉로167번길
 충청북도 청주시 청원구 율량동,744,부강,29.08,1~10,"4,000",3,1993,율봉로167번길
 충청북도 청주시 청원구 율량동,1182,삼성,59.58,1~10,"15,600",3,1996,주성로96번길
 충청북도 청주시 청원구 율량동,1182,삼성,59.58,11~20,"16,700",11,1996,주성로118번길
 충청북도 청주시 청원구 율량동,1182,삼성,59.58,21~30,"16,100",7,1996,주성로96번길
 충청북도 청주시 청원구 율량동,1182,삼성,59.58,21~30,"16,900",6,1996,주성로118번길
 충청북도 청주시 청원구 율량동,1182,삼성,84.69,21~30,"20,350",5,1996,주성로96번길
 충청북도 청주시 청원구 율량동,1182,삼성,84.69,21~30,"20,800",14,1996,주성로118번길
 충청북도 청주시 청원구 율량동,862,삼정1,72.38,1~10,"15,600",2,1991,율봉로201번길
 충청북도 청주시 청원구 율량동,742,삼정2,84.57,11~20,"18,000",4,1992,율봉로175번길
 충청북도 청주시 청원구 율량동,1204,성원,84.95,11~20,"20,750",3,1995,사뜸로76번길
 충청북도 청주시 청원구 율량동,2080,율량7단지 선광로즈웰 1차,103.74,21~30,"40,000",19,2014,율량로
 충청북도 청주시 청원구 율량동,1263,율량효성2,45.28,1~10,"9,700",3,1997,사뜸로
 충청북도 청주시 청원구 율량동,1263,율량효성2,59.86,1~10,"12,400",4,1997,사뜸로
 충청북도 청주시 청원구 율량동,1263,율량효성2,59.86,21~30,"12,000",5,1997,사뜸로
 충청북도 청주시 청원구 율량동,1206,현대(1206),59.82,11~20,"16,700",13,1992,주성로132번길
 충청북도 청주시 청원구 율량동,1206,현대(1206),84.39,11~20,"18,700",1,1992,주성로132번길
 충청북도 청주시 청원구 율량동,1206,현대(1206),84.39,11~20,"18,000",3,1992,주성로132번길
 충청북도 청주시 청원구 율량동,1206,현대(1206),84.39,11~20,"20,000",10,1992,주성로132번길
 충청북도 청주시 청원구 율량동,1206,현대(1206),84.39,21~30,"21,200",3,1992,주성로132번길
 충청북도 청주시 청원구 주성동,335,대원칸타빌1차아파트,84.46,21~30,"32,700",16,2013,율량로
 충청북도 청주시 청원구 주성동,335,대원칸타빌1차아파트,84.8,11~20,"31,900",12,2013,율량로
 충청북도 청주시 청원구 주성동,337,대원칸타빌3차아파트,84.8,1~10,"34,000",9,2015,율량로
 충청북도 청주시 청원구 주성동,336,율량5단지 선광로즈웰2차,84.98,1~10,"33,000",5,2014,율량로
 충청북도 청주시 청원구 주중동,1023,대원칸타빌 2차,84.43,1~10,"31,900",12,2014,율량로
 충청북도 청주시 청원구 주중동,1023,대원칸타빌 2차,84.8,1~10,"32,300",10,2014,율량로
 충청북도 청주시 청원구 주중동,1023,대원칸타빌 2차,84.8,1~10,"33,300",13,2014,율량로
 충청북도 청주시 청원구 주중동,1023,대원칸타빌 2차,84.8,11~20,"32,400",9,2014,율량로
 충청북도 청주시 흥덕구 가경동,1028,(1028-0),24.18,11~20,"5,800",5,2013,풍년로193번길
 충청북도 청주시 흥덕구 가경동,1550,2단지주공,59.92,1~10,"16,200",20,2002,가경로
 충청북도 청주시 흥덕구 가경동,1550,2단지주공,59.92,1~10,"19,700",13,2002,가경로
 충청북도 청주시 흥덕구 가경동,1579,가경주공8단지,84.94,11~20,"24,800",2,2005,풍년로
 충청북도 청주시 흥덕구 가경동,1762,가로수마을대원칸타빌,138.93,21~30,"41,000",4,2008,서현서로
 충청북도 청주시 흥덕구 가경동,1758,가로수마을선광로즈웰,84.99,21~30,"29,300",5,2008,서현중로
 충청북도 청주시 흥덕구 가경동,1761,가로수마을한라비발디,84.97,1~10,"30,500",12,2008,서현서로
 충청북도 청주시 흥덕구 가경동,1759,가로수마을호반베르디움,84.97,1~10,"34,000",14,2008,서현중로
 충청북도 청주시 흥덕구 가경동,1511,대원,59.94,11~20,"17,300",5,1997,가경로
 충청북도 청주시 흥덕구 가경동,1511,대원,59.94,21~30,"16,500",6,1997,가경로
 충청북도 청주시 흥덕구 가경동,1511,대원,59.94,21~30,"15,400",15,1997,가경로
 충청북도 청주시 흥덕구 가경동,1515,덕일한마음,59.98,1~10,"15,500",12,1997,장구봉로
 충청북도 청주시 흥덕구 가경동,1515,덕일한마음,59.98,21~30,"16,250",8,1997,장구봉로
 충청북도 청주시 흥덕구 가경동,1517,동부,84.94,21~30,"20,300",4,1998,가경로
 충청북도 청주시 흥덕구 가경동,1514,삼일원앙,59.85,21~30,"15,450",8,1997,가경로
 충청북도 청주시 흥덕구 가경동,1190,세원,59.94,11~20,"11,500",9,1992,풍산로89번길
 충청북도 청주시 흥덕구 가경동,1510,세원가경골,41.85,11~20,"11,800",12,1997,가경로
 충청북도 청주시 흥덕구 가경동,1510,세원가경골,41.85,21~30,"11,750",5,1997,가경로
 충청북도 청주시 흥덕구 가경동,1510,세원가경골,59.76,1~10,"16,200",13,1997,가경로
 충청북도 청주시 흥덕구 가경동,1510,세원가경골,59.76,21~30,"16,000",5,1997,가경로
 충청북도 청주시 흥덕구 가경동,768,신라,84.99,1~10,"18,000",14,1993,가로수로1308번길
 충청북도 청주시 흥덕구 가경동,1506,진로,99.81,11~20,"20,950",2,1999,가경로
 충청북도 청주시 흥덕구 가경동,1516,태암수정,73.13,11~20,"17,900",12,1997,가경로
 충청북도 청주시 흥덕구 가경동,1189,형석1,72.61,1~10,"16,700",8,1992,가경로
 충청북도 청주시 흥덕구 가경동,766,형석2,62.07,21~30,"14,100",2,1993,가경로
 충청북도 청주시 흥덕구 가경동,766,형석2,83.25,1~10,"14,000",4,1993,가경로
 충청북도 청주시 흥덕구 가경동,766,형석2,83.25,11~20,"18,300",10,1993,가경로
 충청북도 청주시 흥덕구 강내면 월곡리,263-2,두진,58.77,11~20,"8,800",4,1991,탑연월곡길
 충청북도 청주시 흥덕구 강내면 월곡리,150-33,진흥1,49.88,1~10,"6,800",4,1988,가로수로
 충청북도 청주시 흥덕구 강내면 월곡리,150-33,진흥1,49.88,1~10,"5,000",5,1988,가로수로
 충청북도 청주시 흥덕구 강내면 월곡리,428,청원쌍용예가1단지,84.97,1~10,"20,500",6,2007,탑연월곡길
 충청북도 청주시 흥덕구 강내면 월곡리,428,청원쌍용예가1단지,84.97,21~30,"20,000",10,2007,탑연월곡길
 충청북도 청주시 흥덕구 강내면 탑연리,388,신성청원미소지움,84.48,21~30,"21,300",13,2008,탑연1길
 충청북도 청주시 흥덕구 강서동,503,강서 베리굿,49.93,11~20,"14,700",6,2015,서현중로
 충청북도 청주시 흥덕구 강서동,473,경성하늘샵,30.47,11~20,"7,225",5,2013,가로수로1164번길
 충청북도 청주시 흥덕구 강서동,473,경성하늘샵,30.47,11~20,"7,225",8,2013,가로수로1164번길
 충청북도 청주시 흥덕구 강서동,50-1,낙원,26.46,1~10,"3,350",4,1989,가로수로1154번길
 충청북도 청주시 흥덕구 강서동,50-1,낙원,26.46,21~30,"2,900",2,1989,가로수로1154번길
 충청북도 청주시 흥덕구 강서동,37-1,대림,58.62,11~20,"12,200",5,1990,가로수로1154번길
 충청북도 청주시 흥덕구 강서동,500,미소랑2차아파트,19.35,1~10,"6,500",6,2015,서현중로
 충청북도 청주시 흥덕구 강서동,500,미소랑2차아파트,47.14,1~10,"14,000",3,2015,서현중로
 충청북도 청주시 흥덕구 강서동,500,미소랑2차아파트,47.99,21~30,"13,700",11,2015,서현중로
 충청북도 청주시 흥덕구 강서동,53-11,삼덕아파트,27.61,1~10,"4,600",2,1998,가로수로1144번길
 충청북도 청주시 흥덕구 강서동,45-1,우림,55.08,1~10,"7,000",1,2001,가로수로1144번길
 충청북도 청주시 흥덕구 강서동,45-1,우림,55.08,1~10,"8,000",5,2001,가로수로1144번길
 충청북도 청주시 흥덕구 강서동,45-1,우림,55.08,1~10,"8,550",5,2001,가로수로1144번길
 충청북도 청주시 흥덕구 강서동,33-7,우정,22.64,1~10,"3,570",1,1992,가로수로1154번길
 충청북도 청주시 흥덕구 강서동,33-7,우정,22.64,11~20,"3,400",11,1992,가로수로1154번길
 충청북도 청주시 흥덕구 강서동,45-4,청도,59.88,11~20,"14,300",5,2000,가로수로1144번길
 충청북도 청주시 흥덕구 복대동,221-7,대원,59.89,1~10,"17,000",2,1999,죽천로146번길
 충청북도 청주시 흥덕구 복대동,221-7,대원,59.98,21~30,"17,500",7,1999,죽천로146번길
 충청북도 청주시 흥덕구 복대동,221-7,대원,80.32,1~10,"19,500",14,1999,죽천로146번길
 충청북도 청주시 흥덕구 복대동,221-7,대원,80.32,1~10,"19,000",13,1999,죽천로146번길
 충청북도 청주시 흥덕구 복대동,221-7,대원,80.32,1~10,"19,700",8,1999,죽천로146번길
 충청북도 청주시 흥덕구 복대동,221-7,대원,84.97,21~30,"21,000",4,1999,죽천로146번길
 충청북도 청주시 흥덕구 복대동,95-1,덕성,22.68,1~10,"3,100",5,1991,가로수로1379번길
 충청북도 청주시 흥덕구 복대동,95-1,덕성,22.68,11~20,"3,500",6,1991,가로수로1379번길
 충청북도 청주시 흥덕구 복대동,95-1,덕성,22.68,21~30,"3,200",9,1991,가로수로1379번길
 충청북도 청주시 흥덕구 복대동,171-1,덕성그린,29.76,21~30,"4,000",2,1996,신율로180번길
 충청북도 청주시 흥덕구 복대동,993,덕일,59.91,21~30,"13,000",1,1989,복대로
 충청북도 청주시 흥덕구 복대동,3381,두산위브지웰시티2차,80,1~10,"36,000",33,2015,대농로
 충청북도 청주시 흥덕구 복대동,3381,두산위브지웰시티2차,80,11~20,"32,700",12,2015,대농로
 충청북도 청주시 흥덕구 복대동,3381,두산위브지웰시티2차,80,21~30,"33,900",3,2015,대농로
 충청북도 청주시 흥덕구 복대동,3381,두산위브지웰시티2차,80.5,21~30,"34,200",20,2015,대농로
 충청북도 청주시 흥덕구 복대동,2008,삼일,84.12,21~30,"16,300",2,1990,복대로118번길
 충청북도 청주시 흥덕구 복대동,2008,삼일,122.26,21~30,"17,000",5,1990,복대로118번길
 충청북도 청주시 흥덕구 복대동,2009,세원,59.37,11~20,"11,500",1,1990,장구봉로101번길
 충청북도 청주시 흥덕구 복대동,2461,세원느티마을,59.98,11~20,"16,100",6,1999,진재로
 충청북도 청주시 흥덕구 복대동,2461,세원느티마을,59.98,11~20,"16,150",8,1999,진재로
 충청북도 청주시 흥덕구 복대동,2607,세원테마빌,74.99,21~30,"20,200",4,2001,짐대로
 충청북도 청주시 흥덕구 복대동,2607,세원테마빌,84.97,21~30,"24,500",5,2001,짐대로
 충청북도 청주시 흥덕구 복대동,3377,신영지웰,84.86,1~10,"31,150",3,2009,진재로103번길
 충청북도 청주시 흥덕구 복대동,3377,신영지웰,84.86,21~30,"32,500",6,2009,진재로103번길
 충청북도 청주시 흥덕구 복대동,3377,신영지웰,84.86,21~30,"33,500",5,2009,진재로103번길
 충청북도 청주시 흥덕구 복대동,3379,신영지웰시티 1차,99.13,1~10,"35,100",7,2010,대농로
 충청북도 청주시 흥덕구 복대동,3379,신영지웰시티 1차,99.13,1~10,"39,800",14,2010,대농로
 충청북도 청주시 흥덕구 복대동,3379,신영지웰시티 1차,99.13,21~30,"39,000",40,2010,대농로
 충청북도 청주시 흥덕구 복대동,3379,신영지웰시티 1차,99.13,21~30,"38,500",28,2010,대농로
 충청북도 청주시 흥덕구 복대동,3379,신영지웰시티 1차,99.13,21~30,"37,700",6,2010,대농로
 충청북도 청주시 흥덕구 복대동,3379,신영지웰시티 1차,99.13,21~30,"41,400",38,2010,대농로
 충청북도 청주시 흥덕구 복대동,3379,신영지웰시티 1차,124.82,11~20,"46,300",35,2010,대농로
 충청북도 청주시 흥덕구 복대동,3379,신영지웰시티 1차,124.82,21~30,"47,000",3,2010,대농로
 충청북도 청주시 흥덕구 복대동,3379,신영지웰시티 1차,152.65,11~20,"59,800",23,2010,대농로
 충청북도 청주시 흥덕구 복대동,3379,신영지웰시티 1차,152.65,21~30,"55,000",8,2010,대농로
 충청북도 청주시 흥덕구 복대동,3379,신영지웰시티 1차,152.65,21~30,"60,000",34,2010,대농로
 충청북도 청주시 흥덕구 복대동,3379,신영지웰시티 1차,152.65,21~30,"58,000",12,2010,대농로
 충청북도 청주시 흥덕구 복대동,3379,신영지웰시티 1차,152.65,21~30,"64,000",29,2010,대농로
 충청북도 청주시 흥덕구 복대동,3033,아름다운나날2차,84.94,1~10,"24,200",2,2004,증안로
 충청북도 청주시 흥덕구 복대동,3033,아름다운나날2차,84.94,1~10,"25,500",13,2004,증안로
 충청북도 청주시 흥덕구 복대동,2456,아름다운나날영조1,59.33,1~10,"17,500",15,2003,증안로
 충청북도 청주시 흥덕구 복대동,2456,아름다운나날영조1,59.33,1~10,"17,800",12,2003,증안로
 충청북도 청주시 흥덕구 복대동,2456,아름다운나날영조1,59.33,1~10,"19,300",13,2003,증안로
 충청북도 청주시 흥덕구 복대동,2456,아름다운나날영조1,59.33,1~10,"17,750",9,2003,증안로
 충청북도 청주시 흥덕구 복대동,2456,아름다운나날영조1,59.33,21~30,"17,300",14,2003,증안로
 충청북도 청주시 흥덕구 복대동,3366,어울림,99.66,1~10,"35,800",18,2009,대신로73번길
 충청북도 청주시 흥덕구 복대동,3366,어울림,131.31,1~10,"39,100",12,2009,대신로73번길
 충청북도 청주시 흥덕구 복대동,3366,어울림,131.61,1~10,"40,300",12,2009,대신로73번길
 충청북도 청주시 흥덕구 복대동,3367,어울림,84.63,1~10,"32,850",17,2009,대신로74번길
 충청북도 청주시 흥덕구 복대동,3367,어울림,131.31,21~30,"41,900",17,2009,대신로74번길
 충청북도 청주시 흥덕구 복대동,221-12,주은,59.64,11~20,"17,800",8,2002,죽천로143번길
 충청북도 청주시 흥덕구 복대동,3034,하복대삼일,84.88,21~30,"22,400",14,1998,증안로
 충청북도 청주시 흥덕구 복대동,3034,하복대삼일,84.9,11~20,"21,000",10,1998,증안로
 충청북도 청주시 흥덕구 복대동,3098,하복대현대1,99.33,1~10,"24,750",8,1999,대신로10번길
 충청북도 청주시 흥덕구 복대동,3029,현대2,59.88,11~20,"18,100",10,1999,증안로
 충청북도 청주시 흥덕구 복대동,3029,현대2,59.88,21~30,"16,600",7,1999,증안로
 충청북도 청주시 흥덕구 복대동,3029,현대2,59.88,21~30,"17,300",3,1999,증안로
 충청북도 청주시 흥덕구 복대동,3029,현대2,60,1~10,"18,600",7,1999,증안로
 충청북도 청주시 흥덕구 복대동,3029,현대2,60,1~10,"17,850",15,1999,증안로
 충청북도 청주시 흥덕구 복대동,3029,현대2,60,1~10,"17,800",12,1999,증안로
 충청북도 청주시 흥덕구 복대동,3029,현대2,60,1~10,"16,800",2,1999,증안로
 충청북도 청주시 흥덕구 복대동,3029,현대2,60,11~20,"18,300",8,1999,증안로
 충청북도 청주시 흥덕구 복대동,3029,현대2,60,11~20,"18,200",10,1999,증안로
 충청북도 청주시 흥덕구 복대동,3029,현대2,60,21~30,"16,600",3,1999,증안로
 충청북도 청주시 흥덕구 복대동,2442,형석(2442),47.07,1~10,"9,000",1,1990,복대로
 충청북도 청주시 흥덕구 복대동,2442,형석(2442),47.07,11~20,"9,000",3,1990,복대로
 충청북도 청주시 흥덕구 복대동,992,형석(992),22.68,11~20,"5,100",3,1990,복대로
 충청북도 청주시 흥덕구 복대동,992,형석(992),59.92,1~10,"12,300",3,1990,복대로
 충청북도 청주시 흥덕구 복대동,992,형석(992),84.93,21~30,"17,000",1,1990,복대로
 충청북도 청주시 흥덕구 봉명동,2758,두진하트리움,84.81,11~20,"20,500",3,2003,덕암로30번길
 충청북도 청주시 흥덕구 봉명동,2758,두진하트리움,84.81,21~30,"21,700",7,2003,덕암로30번길
 충청북도 청주시 흥덕구 봉명동,2752,봉명아이파크,84.89,1~10,"28,000",14,2005,덕암로108번길
 충청북도 청주시 흥덕구 봉명동,2752,봉명아이파크,84.89,1~10,"26,300",6,2005,덕암로108번길
 충청북도 청주시 흥덕구 봉명동,2752,봉명아이파크,84.89,11~20,"25,900",12,2005,덕암로108번길
 충청북도 청주시 흥덕구 봉명동,2752,봉명아이파크,84.91,11~20,"25,000",8,2005,덕암로108번길
 충청북도 청주시 흥덕구 봉명동,2752,봉명아이파크,112.58,21~30,"28,500",6,2005,덕암로108번길
 충청북도 청주시 흥덕구 봉명동,2752,봉명아이파크,239.37,21~30,"48,800",14,2005,덕암로108번길
 충청북도 청주시 흥덕구 봉명동,87,삼정백조,59.95,1~10,"10,000",2,1993,백봉로
 충청북도 청주시 흥덕구 봉명동,90-8,삼정아파트,84.97,11~20,"14,250",4,1988,1순환로512번길
 충청북도 청주시 흥덕구 봉명동,2193,세원,66.68,11~20,"13,000",4,1993,월명로
 충청북도 청주시 흥덕구 봉명동,2193,세원,123.99,11~20,"21,000",6,1993,월명로
 충청북도 청주시 흥덕구 봉명동,172,주공1,47.33,21~30,"15,200",5,1983,직지대로568번길
 충청북도 청주시 흥덕구 봉명동,172,주공1,54.09,11~20,"17,000",1,1983,직지대로568번길
 충청북도 청주시 흥덕구 봉명동,1602,주공2,39.72,1~10,"8,900",3,1985,직지대로581번길
 충청북도 청주시 흥덕구 봉명동,1602,주공2,53.85,1~10,"10,928",5,1985,직지대로581번길
 충청북도 청주시 흥덕구 봉명동,1602,주공2,53.85,1~10,"11,229",1,1985,직지대로581번길
 충청북도 청주시 흥덕구 봉명동,1602,주공2,53.85,21~30,"11,500",3,1985,직지대로581번길
 충청북도 청주시 흥덕구 봉명동,1602,주공2,61.77,1~10,"11,650",5,1985,직지대로581번길
 충청북도 청주시 흥덕구 봉명동,1602,주공2,61.77,11~20,"13,700",4,1985,직지대로581번길
 충청북도 청주시 흥덕구 봉명동,2044,초원,49.88,21~30,"10,400",6,1992,백봉로224번길
 충청북도 청주시 흥덕구 봉명동,1855,푸른,44.13,1~10,"8,500",5,1994,월명로
 충청북도 청주시 흥덕구 봉명동,1855,푸른,44.13,11~20,"9,600",12,1994,월명로
 충청북도 청주시 흥덕구 봉명동,757,하이젠시티,33.3,21~30,"9,640",12,2015,직지대로
 충청북도 청주시 흥덕구 비하동,295-40,대주피오레1차,84.87,11~20,"24,800",9,2008,부모산로
 충청북도 청주시 흥덕구 비하동,238-1,삼일,69.6,11~20,"15,600",8,1990,비하로63번길
 충청북도 청주시 흥덕구 비하동,238-1,삼일,69.6,11~20,"13,000",3,1990,비하로63번길
 충청북도 청주시 흥덕구 비하동,311-4,송곡그린,59.85,1~10,"12,500",3,2000,2순환로
 충청북도 청주시 흥덕구 비하동,809,청주비하계룡리슈빌2차,106.67,11~20,"30,500",12,2009,비하로57번길
 충청북도 청주시 흥덕구 비하동,809,청주비하계룡리슈빌2차,106.67,11~20,"29,800",11,2009,비하로57번길
 충청북도 청주시 흥덕구 비하동,809,청주비하계룡리슈빌2차,123.81,1~10,"32,800",12,2009,비하로57번길
 충청북도 청주시 흥덕구 비하동,75-32,평화,49.8,21~30,"7,300",6,1988,가로수로1132번길
 충청북도 청주시 흥덕구 비하동,75-32,평화,49.8,21~30,"7,500",3,1988,가로수로1132번길
 충청북도 청주시 흥덕구 비하동,300,효성(300-0),45.32,1~10,"9,950",6,1995,2순환로1050번길
 충청북도 청주시 흥덕구 비하동,300,효성(300-0),45.32,1~10,"9,800",7,1995,2순환로1050번길
 충청북도 청주시 흥덕구 비하동,300,효성(300-0),45.32,11~20,"9,800",14,1995,2순환로1050번길
 충청북도 청주시 흥덕구 비하동,300,효성(300-0),45.32,21~30,"9,700",11,1995,2순환로1050번길
 충청북도 청주시 흥덕구 비하동,300,효성(300-0),45.32,21~30,"9,400",6,1995,2순환로1050번길
 충청북도 청주시 흥덕구 비하동,300,효성(300-0),45.32,21~30,"9,000",6,1995,2순환로1050번길
 충청북도 청주시 흥덕구 비하동,300,효성(300-0),45.32,21~30,"8,500",3,1995,2순환로1050번길
 충청북도 청주시 흥덕구 비하동,300,효성1,59.9,11~20,"13,500",15,1995,2순환로1050번길
 충청북도 청주시 흥덕구 비하동,300,효성1,59.9,21~30,"11,500",15,1995,2순환로1050번길
 충청북도 청주시 흥덕구 비하동,362,효성2,45.28,11~20,"10,300",9,1997,2순환로1050번길
 충청북도 청주시 흥덕구 비하동,362,효성2,59.86,21~30,"13,500",14,1997,2순환로1050번길
 충청북도 청주시 흥덕구 신봉동,159,삼성레미안,84.87,11~20,"16,100",1,1992,사운로321번길
 충청북도 청주시 흥덕구 신봉동,159,삼성레미안,84.99,11~20,"17,300",9,1992,사운로321번길
 충청북도 청주시 흥덕구 신봉동,159,삼성레미안,128.98,11~20,"19,000",14,1992,사운로321번길
 충청북도 청주시 흥덕구 신봉동,310,삼정백조,59.94,1~10,"14,500",10,1995,1순환로513번길
 충청북도 청주시 흥덕구 신봉동,310,삼정백조,59.94,21~30,"13,500",3,1995,1순환로513번길
 충청북도 청주시 흥덕구 신봉동,310,삼정백조,84.81,1~10,"18,000",4,1995,1순환로513번길
 충청북도 청주시 흥덕구 신봉동,310,삼정백조,128.76,1~10,"24,500",7,1995,1순환로513번길
 충청북도 청주시 흥덕구 신봉동,528,주공,39.72,11~20,"9,180",2,1986,1순환로501번길
 충청북도 청주시 흥덕구 신봉동,528,주공,53.85,11~20,"10,800",1,1986,1순환로501번길
 충청북도 청주시 흥덕구 신봉동,528,주공,53.85,11~20,"12,000",1,1986,1순환로501번길
 충청북도 청주시 흥덕구 신봉동,528,주공,61.77,1~10,"13,000",3,1986,1순환로501번길
 충청북도 청주시 흥덕구 오송읍 궁평리,271-3,삼진,38.88,11~20,"5,500",5,1996,궁평길
 충청북도 청주시 흥덕구 오송읍 만수리,549,오송마을휴먼시아2단지,84.91,1~10,"21,180",10,2009,오송생명5로
 충청북도 청주시 흥덕구 오송읍 만수리,549,오송마을휴먼시아2단지,84.91,1~10,"20,500",5,2009,오송생명5로
 충청북도 청주시 흥덕구 오송읍 만수리,549,오송마을휴먼시아2단지,84.91,21~30,"20,850",8,2009,오송생명5로
 충청북도 청주시 흥덕구 오송읍 만수리,549,오송마을휴먼시아2단지,84.95,1~10,"21,400",11,2009,오송생명5로
 충청북도 청주시 흥덕구 오송읍 만수리,549,오송마을휴먼시아2단지,84.97,1~10,"21,500",13,2009,오송생명5로
 충청북도 청주시 흥덕구 오송읍 만수리,549,오송마을휴먼시아2단지,84.97,21~30,"20,700",3,2009,오송생명5로
 충청북도 청주시 흥덕구 오송읍 봉산리,612-6,삼부청솔,28.65,11~20,"3,400",4,1996,가로수로
 충청북도 청주시 흥덕구 오송읍 서평리,621-4,그린나래,21.32,11~20,"4,000",7,2006,서평길
 충청북도 청주시 흥덕구 오송읍 서평리,621-4,그린나래,21.32,11~20,"4,000",8,2006,서평길
 충청북도 청주시 흥덕구 오송읍 서평리,621-4,그린나래,21.32,11~20,"4,000",8,2006,서평길
 충청북도 청주시 흥덕구 오송읍 서평리,621-4,그린나래,21.32,11~20,"4,000",8,2006,서평길
 충청북도 청주시 흥덕구 오송읍 서평리,621-4,그린나래,21.32,21~30,"4,000",7,2006,서평길
 충청북도 청주시 흥덕구 오송읍 서평리,621-4,그린나래,21.32,21~30,"4,000",6,2006,서평길
 충청북도 청주시 흥덕구 오송읍 서평리,621-4,그린나래,21.32,21~30,"4,000",4,2006,서평길
 충청북도 청주시 흥덕구 오송읍 연제리,726,모아미래도,84.76,1~10,"24,850",24,2010,오송생명3로
 충청북도 청주시 흥덕구 오송읍 연제리,726,모아미래도,84.76,21~30,"23,850",19,2010,오송생명3로
 충청북도 청주시 흥덕구 오송읍 연제리,726,모아미래도,84.87,1~10,"22,150",28,2010,오송생명3로
 충청북도 청주시 흥덕구 오송읍 연제리,740,오송 대원 칸타빌,84.99,11~20,"23,500",8,2011,연제만수길
 충청북도 청주시 흥덕구 오송읍 연제리,731,오송상록 롯데캐슬,84.93,21~30,"22,300",1,2010,오송생명5로
 충청북도 청주시 흥덕구 오송읍 연제리,731,오송상록 롯데캐슬,84.93,21~30,"24,050",14,2010,오송생명5로
 충청북도 청주시 흥덕구 오송읍 연제리,731,오송상록 롯데캐슬,84.95,1~10,"24,800",20,2010,오송생명5로
 충청북도 청주시 흥덕구 오송읍 연제리,731,오송상록 롯데캐슬,84.95,21~30,"25,000",7,2010,오송생명5로
 충청북도 청주시 흥덕구 오송읍 연제리,736,오송호반베르디움,84.89,1~10,"23,600",8,2010,오송생명3로
 충청북도 청주시 흥덕구 오송읍 연제리,736,오송호반베르디움,84.89,11~20,"25,200",18,2010,오송생명3로
 충청북도 청주시 흥덕구 오송읍 연제리,736,오송호반베르디움,84.89,21~30,"23,500",3,2010,오송생명3로
 충청북도 청주시 흥덕구 오송읍 연제리,700,오송힐데스하임,132.63,1~10,"38,000",25,2010,오송생명1로
 충청북도 청주시 흥덕구 오송읍 연제리,700,오송힐데스하임,132.63,1~10,"36,000",27,2010,오송생명1로
 충청북도 청주시 흥덕구 오송읍 연제리,700,오송힐데스하임,132.63,21~30,"37,500",20,2010,오송생명1로
 충청북도 청주시 흥덕구 오송읍 정중리,562-8,개나리,84.96,1~10,"11,200",3,1994,정중연제로
 충청북도 청주시 흥덕구 옥산면 오산리,384-17,대신,84.94,11~20,"9,700",14,1993,옥산시내1길
 충청북도 청주시 흥덕구 옥산면 오산리,159-4,삼덕,59.85,21~30,"5,950",1,1992,청주역로
 충청북도 청주시 흥덕구 옥산면 오산리,590-1,아트빌,39.96,11~20,"6,500",10,1998,오송가락로
 충청북도 청주시 흥덕구 옥산면 오산리,590-1,아트빌,59.94,11~20,"7,800",10,1998,오송가락로
 충청북도 청주시 흥덕구 옥산면 오산리,590-1,아트빌,59.94,11~20,"8,400",3,1998,오송가락로
 충청북도 청주시 흥덕구 옥산면 오산리,589-1,옥산금정,31.05,1~10,"3,800",8,1997,오송가락로
 충청북도 청주시 흥덕구 운천동,577,삼일무지개,30.42,11~20,"5,400",12,1994,사운로
 충청북도 청주시 흥덕구 운천동,577,삼일무지개,47.88,1~10,"10,500",7,1994,사운로
 충청북도 청주시 흥덕구 운천동,577,삼일무지개,84.89,11~20,"17,300",1,1994,사운로
 충청북도 청주시 흥덕구 운천동,577,삼일무지개,84.99,21~30,"18,500",7,1994,사운로
 충청북도 청주시 흥덕구 운천동,677,세원,59.76,11~20,"11,700",2,1986,사운로
 충청북도 청주시 흥덕구 운천동,536-1,일심,44.01,11~20,"5,500",4,1984,무심서로
 충청북도 청주시 흥덕구 운천동,677-1,진양,55.8,1~10,"8,800",4,1986,사운로
 충청북도 청주시 흥덕구 운천동,677-1,진양,55.8,21~30,"9,550",4,1986,사운로
 충청북도 청주시 흥덕구 운천동,676,형석,39.69,1~10,"7,300",3,1987,사운로
 충청북도 청주시 흥덕구 운천동,676,형석,39.69,21~30,"6,000",1,1987,사운로
 충청북도 충주시 교현동,518,교현,34.97,21~30,"4,000",2,1979,예성로
 충청북도 충주시 교현동,518,교현,35.22,1~10,"3,000",5,1979,예성로
 충청북도 충주시 교현동,518,교현,35.22,21~30,"3,000",5,1979,예성로
 충청북도 충주시 교현동,1083,남산주공1,47.25,11~20,"5,450",4,1986,남산4길
 충청북도 충주시 교현동,1061,남산주공2,53.96,21~30,"8,400",3,1984,남산4길
 충청북도 충주시 교현동,1061,남산주공2,54.09,1~10,"8,600",2,1984,남산4길
 충청북도 충주시 교현동,397,동아,73.59,1~10,"9,900",14,1990,봉현로
 충청북도 충주시 교현동,1087,부강맨션,62.55,11~20,"8,050",12,1990,예성로
 충청북도 충주시 교현동,1309,성원,53.19,1~10,"7,900",12,1995,삼원로
 충청북도 충주시 교현동,1309,성원,53.19,11~20,"8,400",8,1995,삼원로
 충청북도 충주시 교현동,1309,성원,59.7,11~20,"9,000",10,1995,삼원로
 충청북도 충주시 교현동,144-28,신원7,34.83,21~30,"4,100",3,1990,만리산로
 충청북도 충주시 교현동,144-28,신원7,34.83,21~30,"3,500",4,1990,만리산로
 충청북도 충주시 교현동,1358,중흥S-클래스,84.81,1~10,"24,000",13,2008,금봉8길
 충청북도 충주시 교현동,1358,중흥S-클래스,84.81,11~20,"23,500",8,2008,금봉8길
 충청북도 충주시 교현동,1358,중흥S-클래스,84.81,11~20,"25,400",14,2008,금봉8길
 충청북도 충주시 교현동,1358,중흥S-클래스,130.6,11~20,"29,500",10,2008,금봉8길
 충청북도 충주시 교현동,155,충일,44.82,1~10,"5,000",1,1986,만리산9길
 충청북도 충주시 금릉동,771,삼성푸른,49.14,1~10,"7,450",2,1993,금제1길
 충청북도 충주시 금릉동,771,삼성푸른,49.14,1~10,"8,500",7,1993,금제1길
 충청북도 충주시 금릉동,771,삼성푸른,49.14,11~20,"8,750",11,1993,금제1길
 충청북도 충주시 금릉동,771,삼성푸른,49.14,21~30,"8,500",5,1993,금제1길
 충청북도 충주시 금릉동,771,삼성푸른,84.96,1~10,"15,700",5,1993,금제1길
 충청북도 충주시 금릉동,771,삼성푸른,84.96,11~20,"14,500",5,1993,금제1길
 충청북도 충주시 금릉동,51,연수부강,59.49,1~10,"9,800",12,1995,후곡길
 충청북도 충주시 금릉동,51,연수부강,59.49,1~10,"8,400",2,1995,후곡길
 충청북도 충주시 대소원면 대소리,132-2,한영2동3동,59.29,11~20,"6,300",2,1993,대소원로
 충청북도 충주시 대소원면 대소리,132-7,한영6,39.16,1~10,"4,000",1,1995,대소원로
 충청북도 충주시 대소원면 만정리,109-4,세영 에뜨와르,53.27,1~10,"13,000",5,2015,산정독정길
 충청북도 충주시 대소원면 만정리,109-4,세영 에뜨와르,54.54,11~20,"13,000",3,2015,산정독정길
 충청북도 충주시 대소원면 본리,642,충주지웰,59.25,21~30,"16,007",15,2016,첨단산업2로
 충청북도 충주시 목행동,593-8,삼진동산,29.25,21~30,"3,100",9,1995,행정10길
 충청북도 충주시 목행동,593-8,삼진동산,39.84,1~10,"5,200",4,1995,행정10길
 충청북도 충주시 목행동,593-8,삼진동산,39.84,1~10,"4,500",3,1995,행정10길
 충청북도 충주시 목행동,593-8,삼진동산,39.84,11~20,"5,250",10,1995,행정10길
 충청북도 충주시 목행동,508-35,새한,59.94,1~10,"9,500",7,1995,목행산단3로
 충청북도 충주시 목행동,508-35,새한,59.94,11~20,"8,800",6,1995,목행산단3로
 충청북도 충주시 목행동,508-35,새한,59.94,11~20,"8,700",3,1995,목행산단3로
 충청북도 충주시 목행동,508-35,새한,59.94,21~30,"8,000",1,1995,목행산단3로
 충청북도 충주시 목행동,886,한라비발디,84.88,1~10,"18,350",3,2007,목행산단4로
 충청북도 충주시 목행동,886,한라비발디,84.88,11~20,"18,500",4,2007,목행산단4로
 충청북도 충주시 목행동,886,한라비발디,84.88,21~30,"19,500",14,2007,목행산단4로
 충청북도 충주시 목행동,886,한라비발디,84.99,21~30,"20,500",10,2007,목행산단4로
 충청북도 충주시 목행동,886,한라비발디,84.99,21~30,"19,400",13,2007,목행산단4로
 충청북도 충주시 문화동,2260,럭키,74.03,11~20,"13,300",12,1993,중원대로
 충청북도 충주시 문화동,2260,럭키,84.93,11~20,"16,000",3,1993,중원대로
 충청북도 충주시 문화동,2260,럭키,84.93,11~20,"13,500",1,1993,중원대로
 충청북도 충주시 문화동,2260,럭키,84.93,21~30,"15,000",4,1993,중원대로
 충청북도 충주시 문화동,2260,럭키,84.93,21~30,"15,000",15,1993,중원대로
 충청북도 충주시 문화동,2260,럭키,84.93,21~30,"16,500",6,1993,중원대로
 충청북도 충주시 문화동,2260,럭키,125.48,1~10,"16,800",1,1993,중원대로
 충청북도 충주시 문화동,2260,럭키,125.48,21~30,"18,700",5,1993,중원대로
 충청북도 충주시 봉방동,42-2,봉방동 더휴인2차 주상복합,59.28,1~10,"12,000",8,2013,국원대로
 충청북도 충주시 봉방동,143-3,씨티빌상지,25.19,21~30,"3,200",8,2002,봉방4길
 충청북도 충주시 봉방동,143-3,씨티빌상지,25.19,21~30,"3,200",7,2002,봉방4길
 충청북도 충주시 봉방동,143-3,씨티빌상지,25.19,21~30,"3,200",7,2002,봉방4길
 충청북도 충주시 봉방동,143-3,씨티빌상지,25.19,21~30,"3,200",7,2002,봉방4길
 충청북도 충주시 봉방동,143-3,씨티빌상지,25.19,21~30,"3,200",8,2002,봉방4길
 충청북도 충주시 봉방동,143-3,씨티빌상지,25.19,21~30,"3,200",10,2002,봉방4길
 충청북도 충주시 봉방동,143-3,씨티빌상지,25.19,21~30,"3,200",8,2002,봉방4길
 충청북도 충주시 봉방동,143-3,씨티빌상지,25.19,21~30,"3,200",8,2002,봉방4길
 충청북도 충주시 봉방동,143-3,씨티빌상지,25.19,21~30,"3,200",4,2002,봉방4길
 충청북도 충주시 봉방동,143-3,씨티빌상지,25.19,21~30,"3,200",8,2002,봉방4길
 충청북도 충주시 봉방동,143-3,씨티빌상지,25.19,21~30,"3,200",10,2002,봉방4길
 충청북도 충주시 봉방동,143-3,씨티빌상지,25.19,21~30,"3,200",8,2002,봉방4길
 충청북도 충주시 봉방동,143-3,씨티빌상지,25.19,21~30,"3,200",5,2002,봉방4길
 충청북도 충주시 봉방동,143-3,씨티빌상지,25.19,21~30,"3,200",5,2002,봉방4길
 충청북도 충주시 봉방동,143-3,씨티빌상지,25.19,21~30,"3,200",4,2002,봉방4길
 충청북도 충주시 봉방동,143-3,씨티빌상지,25.19,21~30,"3,200",5,2002,봉방4길
 충청북도 충주시 봉방동,143-3,씨티빌상지,25.19,21~30,"3,200",10,2002,봉방4길
 충청북도 충주시 봉방동,143-3,씨티빌상지,25.19,21~30,"3,200",2,2002,봉방4길
 충청북도 충주시 봉방동,143-3,씨티빌상지,25.19,21~30,"3,200",4,2002,봉방4길
 충청북도 충주시 봉방동,143-3,씨티빌상지,25.19,21~30,"3,200",7,2002,봉방4길
 충청북도 충주시 봉방동,143-3,씨티빌상지,25.19,21~30,"3,200",5,2002,봉방4길
 충청북도 충주시 봉방동,143-3,씨티빌상지,25.19,21~30,"3,200",6,2002,봉방4길
 충청북도 충주시 봉방동,143-3,씨티빌상지,25.19,21~30,"3,200",6,2002,봉방4길
 충청북도 충주시 봉방동,143-3,씨티빌상지,25.19,21~30,"3,200",7,2002,봉방4길
 충청북도 충주시 봉방동,143-3,씨티빌상지,25.19,21~30,"3,200",9,2002,봉방4길
 충청북도 충주시 봉방동,143-3,씨티빌상지,25.19,21~30,"3,200",7,2002,봉방4길
 충청북도 충주시 봉방동,143-3,씨티빌상지,25.19,21~30,"3,200",8,2002,봉방4길
 충청북도 충주시 봉방동,143-3,씨티빌상지,25.19,21~30,"3,200",8,2002,봉방4길
 충청북도 충주시 봉방동,143-3,씨티빌상지,25.19,21~30,"3,200",7,2002,봉방4길
 충청북도 충주시 봉방동,143-3,씨티빌상지,25.19,21~30,"3,200",9,2002,봉방4길
 충청북도 충주시 봉방동,143-3,씨티빌상지,25.19,21~30,"3,200",9,2002,봉방4길
 충청북도 충주시 봉방동,143-3,씨티빌상지,25.19,21~30,"3,200",7,2002,봉방4길
 충청북도 충주시 봉방동,143-3,씨티빌상지,25.19,21~30,"3,200",8,2002,봉방4길
 충청북도 충주시 봉방동,143-3,씨티빌상지,25.19,21~30,"3,200",5,2002,봉방4길
 충청북도 충주시 봉방동,143-3,씨티빌상지,25.19,21~30,"3,200",8,2002,봉방4길
 충청북도 충주시 봉방동,143-3,씨티빌상지,25.19,21~30,"3,200",10,2002,봉방4길
 충청북도 충주시 봉방동,143-3,씨티빌상지,25.19,21~30,"3,200",9,2002,봉방4길
 충청북도 충주시 봉방동,143-3,씨티빌상지,25.19,21~30,"3,200",6,2002,봉방4길
 충청북도 충주시 봉방동,149-3,좋은세상,85,11~20,"15,800",2,2004,봉방4길
 충청북도 충주시 봉방동,1046,충주푸르지오,84.94,11~20,"26,600",6,2014,봉계1길
 충청북도 충주시 봉방동,1046,충주푸르지오,84.94,21~30,"28,400",7,2014,봉계1길
 충청북도 충주시 봉방동,1046,충주푸르지오,84.94,21~30,"25,000",2,2014,봉계1길
 충청북도 충주시 봉방동,1046,충주푸르지오,84.96,1~10,"30,000",18,2014,봉계1길
 충청북도 충주시 성서동,161,현대,83.24,21~30,"12,000",10,1989,성서1길
 충청북도 충주시 안림동,1083-3,아침도시아파트,84.62,1~10,"20,300",8,2006,만리산10길
 충청북도 충주시 안림동,1119,엘지,59.89,1~10,"12,500",6,1996,금봉대로
 충청북도 충주시 안림동,1119,엘지,59.89,1~10,"12,300",4,1996,금봉대로
 충청북도 충주시 안림동,1119,엘지,59.89,1~10,"12,500",5,1996,금봉대로
 충청북도 충주시 앙성면 용포리,65-1,한도(푸른마을),39.92,1~10,"5,000",3,1995,영죽고개길
 충청북도 충주시 앙성면 용포리,65-1,한도(푸른마을),39.92,21~30,"3,950",9,1995,영죽고개길
 충청북도 충주시 연수동,700,두진1차,39.81,21~30,"5,000",6,1991,연수로
 충청북도 충주시 연수동,700,두진1차,39.81,21~30,"5,350",12,1991,연수로
 충청북도 충주시 연수동,700,두진1차,47.37,11~20,"6,200",11,1991,연수로
 충청북도 충주시 연수동,700,두진2차,84.95,11~20,"11,900",13,1992,연수로
 충청북도 충주시 연수동,700-4,두진3차,49.88,1~10,"8,100",12,1996,연수로
 충청북도 충주시 연수동,700-4,두진3차,49.88,21~30,"7,500",4,1996,연수로
 충청북도 충주시 연수동,1219,삼성푸른2차,74.19,21~30,"13,500",9,1994,국원대로
 충청북도 충주시 연수동,930,세원,53.58,1~10,"6,200",2,1991,번영대로
 충청북도 충주시 연수동,930,세원,53.58,21~30,"5,900",2,1991,번영대로
 충청북도 충주시 연수동,930,세원,59.52,1~10,"8,400",8,1991,번영대로
 충청북도 충주시 연수동,930,세원,59.52,11~20,"8,400",4,1991,번영대로
 충청북도 충주시 연수동,930,세원,59.52,11~20,"8,100",13,1991,번영대로
 충청북도 충주시 연수동,930,세원,59.52,21~30,"9,200",3,1991,번영대로
 충청북도 충주시 연수동,1220,세원한아름,59.76,1~10,"13,800",10,1996,금릉로
 충청북도 충주시 연수동,1220,세원한아름,59.76,11~20,"12,500",12,1996,금릉로
 충청북도 충주시 연수동,1220,세원한아름,59.76,21~30,"13,200",5,1996,금릉로
 충청북도 충주시 연수동,1220,세원한아름,59.76,21~30,"12,800",11,1996,금릉로
 충청북도 충주시 연수동,1629,연수리슈빌,84.84,11~20,"23,700",1,2007,연수동산로
 충청북도 충주시 연수동,1629,연수리슈빌,133.75,11~20,"34,900",7,2007,연수동산로
 충청북도 충주시 연수동,1629,연수리슈빌,156.76,11~20,"29,500",18,2007,연수동산로
 충청북도 충주시 연수동,1625,연수세영리첼 1단지,84.99,1~10,"23,000",1,2014,연수동산로
 충청북도 충주시 연수동,1625,연수세영리첼 1단지,84.99,1~10,"28,800",15,2014,연수동산로
 충청북도 충주시 연수동,1625,연수세영리첼 1단지,84.99,11~20,"24,800",7,2014,연수동산로
 충청북도 충주시 연수동,1625,연수세영리첼 1단지,84.99,11~20,"26,500",7,2014,연수동산로
 충청북도 충주시 연수동,1625,연수세영리첼 1단지,84.99,21~30,"25,500",2,2014,연수동산로
 충청북도 충주시 연수동,1626,연수세영리첼2단지,84.99,1~10,"25,000",3,2014,연수동산로
 충청북도 충주시 연수동,1626,연수세영리첼2단지,84.99,11~20,"27,000",10,2014,연수동산로
 충청북도 충주시 연수동,1626,연수세영리첼2단지,84.99,11~20,"25,000",13,2014,연수동산로
 충청북도 충주시 연수동,1626,연수세영리첼2단지,84.99,11~20,"27,500",14,2014,연수동산로
 충청북도 충주시 연수동,605,연수아이파크,84.99,1~10,"25,000",5,2006,연수로1길
 충청북도 충주시 연수동,605,연수아이파크,84.99,1~10,"24,750",6,2006,연수로1길
 충청북도 충주시 연수동,605,연수아이파크,99.94,1~10,"27,500",7,2006,연수로1길
 충청북도 충주시 연수동,605,연수아이파크,99.94,11~20,"27,200",13,2006,연수로1길
 충청북도 충주시 연수동,605,연수아이파크,99.94,21~30,"27,400",8,2006,연수로1길
 충청북도 충주시 연수동,605,연수아이파크,145.28,11~20,"32,000",9,2006,연수로1길
 충청북도 충주시 연수동,697-52,연수엘 팰리스 ,59.71,11~20,"16,700",4,2015,연수서편3길
 충청북도 충주시 연수동,1227,연수주공1차,40,21~30,"5,150",1,1990,예성로
 충청북도 충주시 연수동,1227,연수주공1차,46.99,21~30,"5,000",5,1990,예성로
 충청북도 충주시 연수동,1227,연수주공1차,47.01,11~20,"5,100",5,1990,예성로
 충청북도 충주시 연수동,1231,연수주공3차,38.64,1~10,"5,100",1,1994,주공길
 충청북도 충주시 연수동,1231,연수주공3차,38.64,1~10,"6,100",10,1994,주공길
 충청북도 충주시 연수동,1231,연수주공3차,38.64,21~30,"5,700",4,1994,주공길
 충청북도 충주시 연수동,1231,연수주공3차,44.52,11~20,"6,350",5,1994,주공길
 충청북도 충주시 연수동,1231,연수주공3차,44.52,21~30,"5,000",1,1994,주공길
 충청북도 충주시 연수동,686,연수주공4차,59.71,1~10,"11,300",4,1997,예성로
 충청북도 충주시 연수동,686,연수주공4차,59.71,11~20,"11,600",13,1997,예성로
 충청북도 충주시 연수동,686,연수주공4차,59.71,11~20,"12,000",8,1997,예성로
 충청북도 충주시 연수동,686,연수주공4차,59.71,21~30,"10,500",13,1997,예성로
 충청북도 충주시 연수동,686,연수주공4차,59.71,21~30,"11,300",4,1997,예성로
 충청북도 충주시 연수동,686,연수주공4차,59.71,21~30,"10,650",4,1997,예성로
 충청북도 충주시 연수동,686,연수주공5차,39.69,21~30,"7,000",8,1997,예성로
 충청북도 충주시 연수동,686,연수주공5차,49.77,1~10,"9,200",3,1997,예성로
 충청북도 충주시 연수동,1627,연수힐스테이트,84.71,1~10,"26,000",1,2007,연수동산로
 충청북도 충주시 연수동,1627,연수힐스테이트,116.6,11~20,"30,000",9,2007,연수동산로
 충청북도 충주시 연수동,418,유원하나1차,59.42,1~10,"9,000",1,1993,갱고개로
 충청북도 충주시 연수동,418,유원하나1차,59.42,21~30,"10,000",10,1993,갱고개로
 충청북도 충주시 연수동,418,유원하나1차,84.98,11~20,"14,700",13,1993,갱고개로
 충청북도 충주시 연수동,421-7,유원하나2차,84.99,21~30,"14,000",13,1995,국원초2길
 충청북도 충주시 연수동,421-7,유원하나2차,84.99,21~30,"16,100",16,1995,국원초2길
 충청북도 충주시 연수동,931,임광,84.28,11~20,"11,500",1,1991,국원대로
 충청북도 충주시 연수동,931,임광,84.28,21~30,"11,300",3,1991,국원대로
 충청북도 충주시 연수동,931,임광,84.28,21~30,"12,950",3,1991,국원대로
 충청북도 충주시 연수동,931,임광,115.69,1~10,"14,700",2,1991,국원대로
 충청북도 충주시 연수동,931,임광,115.69,21~30,"16,000",11,1991,국원대로
 충청북도 충주시 용관동,172-5,쉼터리버타운,28.56,1~10,"4,500",10,1999,창현로
 충청북도 충주시 용관동,172-5,쉼터리버타운,28.56,1~10,"4,500",10,1999,창현로
 충청북도 충주시 용관동,172-5,쉼터리버타운,28.56,11~20,"4,500",6,1999,창현로
 충청북도 충주시 용관동,172-5,쉼터리버타운,28.56,11~20,"4,500",1,1999,창현로
 충청북도 충주시 용관동,172-5,쉼터리버타운,28.56,11~20,"4,500",10,1999,창현로
 충청북도 충주시 용관동,172-5,쉼터리버타운,38.65,1~10,"5,200",3,1999,창현로
 충청북도 충주시 용관동,172-5,쉼터리버타운,38.65,11~20,"5,300",6,1999,창현로
 충청북도 충주시 용산동,455-4,대림,52.72,1~10,"6,100",5,1995,염밭로
 충청북도 충주시 용산동,2627,동일하이빌,83.06,11~20,"22,000",3,2008,염밭로
 충청북도 충주시 용산동,2627,동일하이빌,84.52,1~10,"24,100",10,2008,염밭로
 충청북도 충주시 용산동,2627,동일하이빌,84.52,11~20,"24,700",10,2008,염밭로
 충청북도 충주시 용산동,2627,동일하이빌,84.52,21~30,"23,200",10,2008,염밭로
 충청북도 충주시 용산동,2627,동일하이빌,118.06,11~20,"24,500",10,2008,염밭로
 충청북도 충주시 용산동,2627,동일하이빌,119.03,1~10,"26,500",13,2008,염밭로
 충청북도 충주시 용산동,2627,동일하이빌,119.03,11~20,"27,000",8,2008,염밭로
 충청북도 충주시 용산동,2627,동일하이빌,122.82,1~10,"24,250",1,2008,염밭로
 충청북도 충주시 용산동,339,세중참사랑,65.74,1~10,"16,400",11,2007,용정7길
 충청북도 충주시 용산동,475,신원10차,54.31,11~20,"6,300",5,1992,염밭로
 충청북도 충주시 용산동,475,신원10차,54.31,11~20,"6,600",2,1992,염밭로
 충청북도 충주시 용산동,335,영진보람,59.86,11~20,"10,200",15,1996,용산로
 충청북도 충주시 용산동,335,영진보람,59.86,11~20,"11,250",3,1996,용산로
 충청북도 충주시 용산동,335,영진보람,59.86,11~20,"11,000",2,1996,용산로
 충청북도 충주시 용산동,2102,용산주공1차,37.79,1~10,"3,550",2,1981,거룡2길
 충청북도 충주시 용산동,2102,용산주공1차,37.79,11~20,"3,000",3,1981,거룡2길
 충청북도 충주시 용산동,2102,용산주공1차,42.55,11~20,"3,650",3,1981,거룡2길
 충청북도 충주시 용산동,2102,용산주공1차,46.03,11~20,"4,500",1,1981,거룡2길
 충청북도 충주시 용산동,2102,용산주공1차,46.03,21~30,"5,400",2,1981,거룡2길
 충청북도 충주시 용산동,2102,용산주공1차,54.67,21~30,"6,000",3,1981,거룡2길
 충청북도 충주시 용산동,1678,용산주공2차,49.77,21~30,"9,100",12,1999,남산로
 충청북도 충주시 용산동,1678,용산주공2차,49.77,21~30,"9,100",11,1999,남산로
 충청북도 충주시 용산동,1678,용산주공2차,49.77,21~30,"9,500",4,1999,남산로
 충청북도 충주시 용산동,1678,용산주공2차,59.71,1~10,"12,000",2,1999,남산로
 충청북도 충주시 용산동,1678,용산주공2차,59.71,11~20,"11,900",14,1999,남산로
 충청북도 충주시 용산동,1678,용산주공2차,59.71,11~20,"9,000",3,1999,남산로
 충청북도 충주시 용산동,1680,용산주공3차,51.95,21~30,"11,600",2,2003,남산로
 충청북도 충주시 용산동,1680,용산주공3차,59.64,1~10,"14,400",13,2003,남산로
 충청북도 충주시 용산동,1680,용산주공3차,59.64,1~10,"13,800",15,2003,남산로
 충청북도 충주시 용산동,1680,용산주공3차,59.64,11~20,"15,000",7,2003,남산로
 충청북도 충주시 용산동,1680,용산주공3차,59.64,11~20,"14,500",14,2003,남산로
 충청북도 충주시 용산동,1680,용산주공3차,59.64,11~20,"14,700",14,2003,남산로
 충청북도 충주시 주덕읍 신중리,69-1,주한,34.56,1~10,"2,600",13,1993,신덕로
 충청북도 충주시 주덕읍 신중리,69-1,주한,34.56,1~10,"3,200",4,1993,신덕로
 충청북도 충주시 주덕읍 신중리,69-1,주한,34.56,1~10,"3,200",3,1993,신덕로
 충청북도 충주시 주덕읍 신중리,69-1,주한,34.56,11~20,"3,000",4,1993,신덕로
 충청북도 충주시 주덕읍 신중리,69-1,주한,34.56,11~20,"3,300",4,1993,신덕로
 충청북도 충주시 주덕읍 신중리,69-1,주한,34.56,21~30,"3,000",13,1993,신덕로
 충청북도 충주시 충의동,66,현대,66.91,1~10,"6,500",3,1982,충인2길
 충청북도 충주시 칠금동,629,금능현대,59.99,1~10,"11,450",15,1995,금릉로
 충청북도 충주시 칠금동,629,금능현대,59.99,1~10,"11,900",15,1995,금릉로
 충청북도 충주시 칠금동,629,금능현대,59.99,21~30,"12,500",4,1995,금릉로
 충청북도 충주시 칠금동,629,금능현대,59.99,21~30,"10,800",1,1995,금릉로
 충청북도 충주시 칠금동,629,금능현대,59.99,21~30,"12,400",4,1995,금릉로
 충청북도 충주시 칠금동,629,금능현대,59.99,21~30,"11,900",1,1995,금릉로
 충청북도 충주시 칠금동,821,부영(1차),60,1~10,"9,800",10,1996,금릉로
 충청북도 충주시 칠금동,821,부영(1차),60,1~10,"10,000",15,1996,금릉로
 충청북도 충주시 칠금동,1015,부영아파트(2차),50.49,11~20,"9,300",11,1996,칠금중앙로
 충청북도 충주시 칠금동,1015,부영아파트(2차),50.49,21~30,"9,350",8,1996,칠금중앙로
 충청북도 충주시 칠금동,1015,부영아파트(2차),60,1~10,"11,100",13,1996,칠금중앙로
 충청북도 충주시 칠금동,1015,부영아파트(2차),60,1~10,"10,000",3,1996,칠금중앙로
 충청북도 충주시 칠금동,1015,부영아파트(2차),60,11~20,"10,000",3,1996,칠금중앙로
 충청북도 충주시 칠금동,1015,부영아파트(2차),60,11~20,"9,600",1,1996,칠금중앙로
 충청북도 충주시 칠금동,1015,부영아파트(2차),60,11~20,"10,800",6,1996,칠금중앙로
 충청북도 충주시 칠금동,1015,부영아파트(2차),60,11~20,"9,800",1,1996,칠금중앙로
 충청북도 충주시 칠금동,1015,부영아파트(2차),60,11~20,"11,100",10,1996,칠금중앙로
 충청북도 충주시 칠금동,626,삼일,78.09,21~30,"15,400",12,1996,금릉로
 충청북도 충주시 칠금동,626,삼일,102.71,11~20,"19,400",7,1996,금릉로
 충청북도 충주시 칠금동,626,삼일,143.58,21~30,"18,500",15,1996,금릉로
 충청북도 충주시 칠금동,626,삼일,215.35,11~20,"31,500",13,1996,금릉로
 충청북도 충주시 칠금동,628,세영첼시빌,84.99,11~20,"19,500",7,2002,금릉로
 충청북도 충주시 칠금동,825,코오롱동신,75.63,1~10,"15,400",2,1997,금릉로
 충청북도 충주시 칠금동,825,코오롱동신,75.63,11~20,"17,300",14,1997,금릉로
 충청북도 충주시 칠금동,825,코오롱동신,75.63,11~20,"16,800",11,1997,금릉로
 충청북도 충주시 칠금동,825,코오롱동신,75.63,11~20,"17,000",9,1997,금릉로
 충청북도 충주시 칠금동,825,코오롱동신,75.63,21~30,"16,500",14,1997,금릉로
 충청북도 충주시 칠금동,825,코오롱동신,75.63,21~30,"15,300",2,1997,금릉로
 충청북도 충주시 칠금동,825,코오롱동신,75.63,21~30,"17,300",10,1997,금릉로
 충청북도 충주시 풍동,408-7,(408-7),43.83,1~10,"3,100",3,1994,풍동동막길
 충청북도 충주시 풍동,408-12,달빛마을,38.92,21~30,"4,650",9,2001,하풍1길
 충청북도 충주시 호암동,152,(152-0),26.01,1~10,"3,000",15,1995,호암중앙2로
 충청북도 충주시 호암동,152,(152-0),26.01,11~20,"3,350",9,1995,호암중앙2로
 충청북도 충주시 호암동,152,(152-0),27.18,11~20,"3,360",7,1995,호암중앙2로
 충청북도 충주시 호암동,906,세영더-조은,85,21~30,"22,500",11,2007,형설로
 충청북도 충주시 호암동,135,진도,59.76,11~20,"9,000",11,1994,호암중앙2로
 충청북도 충주시 호암동,547-6,호반현대,59.76,11~20,"9,500",9,1994,신촌2길
 충청북도 충주시 호암동,547-6,호반현대,59.76,11~20,"10,200",2,1994,신촌2길
 충청북도 충주시 호암동,547-6,호반현대,59.76,11~20,"8,200",1,1994,신촌2길
 충청북도 충주시 호암동,547-6,호반현대,84.96,1~10,"10,900",10,1994,신촌2길
 충청북도 충주시 호암동,905,호암동수채,84.93,11~20,"17,400",1,2007,호암중앙1로
 충청북도 충주시 호암동,221-23,호암리버빌(1단지),84.68,1~10,"15,650",5,2002,원호암5길
 충청북도 충주시 호암동,221-23,호암리버빌(1단지),84.68,21~30,"15,800",7,2002,원호암5길
